Name,Email Address,Mobile / WhatsApp,Role,City,Language,Region,Country,Facilitator(s),Group Name,Registered Through,WhatsApp Group Status,Initiation Status,Culmination Status,Notes,Registered By
Ashwin Sen,ashwin.sen515@yahoo.com,9169727007,Facliators,Patna,Kannada,India,India,Naveen Rao,Kolkata Group,Word of Mouth,Pending,No,Yes,Regular attendee,Self
Hiren Ghosh,hiren.ghosh109@gmail.com,6564745930,Facliators,Dhaka,Telugu,Non India,Germany,Suresh Pillai,Ahmedabad Group,Instagram,Pending,Yes,Pending,,Self
Qasim Shastri,qasim.shastri658@hotmail.com,8410525274,Facliators,San Jose,Telugu,Non India,Sri Lanka,Vijay Reddy,Nagpur Group,Facebook,No,Pending,Pending,Confirmed,Admin1
Ruchika Venkatesh,ruchika.venkatesh292@hotmail.com,9883723304,Sadhak,Paris,English,Non India,Sri Lanka,Mohan Gupta,Lucknow Group,Instagram,Yes,Pending,No,New member,Admin2
Deepak Agarwal,deepak.agarwal360@hotmail.com,7143417503,Sadhak,Muscat,Telugu,Non India,UAE,Swati Shah,Pune Group,Word of Mouth,Pending,Yes,No,Active,Admin2
Naveen Chatterjee,naveen.chatterjee953@hotmail.com,8366499057,Facliators,Bhopal,Tamil,India,India,Ashwin Verma,Nagpur Group,WhatsApp,Pending,Yes,Yes,,Admin2
Manju Ghosh,manju.ghosh284@hotmail.com,9393073736,Facliators,London,Malayalam,Non India,USA,Priya Sharma,Kolkata Group,Instagram,Yes,Yes,Pending,Regular attendee,System
Faisal Sen,faisal.sen556@rediffmail.com,6755276577,Facliators,Vasai,Marathi,India,India,Meena Joshi,Nagpur Group,WhatsApp,Yes,Pending,Yes,Interested,Admin1
Qasim Jain,qasim.jain74@rediffmail.com,6908506672,Sadhak,Vadodara,Punjabi,India,India,Ashwin Verma,Mysore Group,Facebook,Yes,No,Pending,,Admin2
Akash Rao,akash.rao49@gmail.com,9888123990,Sadhak,Mumbai,Hindi,India,India,Deepa Nair,Hyderabad Group,Twitter,Yes,Yes,No,Confirmed,Admin1
Neha Kamath,neha.kamath4@rediffmail.com,7038486759,Sadhak,Houston,Gujarati,Non India,Sri Lanka,Ganesh Shetty,Nagpur Group,YouTube,Pending,Yes,Pending,Regular attendee,Coordinator
Vikram Hegde,vikram.hegde784@rediffmail.com,8931279097,Facliators,Amritsar,Kannada,India,India,Priya Sharma,Sydney Group,Referral,No,No,No,Needs reminder,Volunteer
Qasim Nair,qasim.nair740@outlook.com,7798295867,Sadhak,Mysore,Bengali,India,India,Radha Sharma,Kolkata Group,YouTube,No,Yes,No,,Volunteer
Rohit Sundaram,rohit.sundaram602@yahoo.com,7660766209,Sadhak,Abu Dhabi,Gujarati,Non India,Netherlands,Ganesh Shetty,USA Group,YouTube,Yes,Yes,Yes,Active,RasPay
Alka Dubey,alka.dubey543@hotmail.com,8290235135,Sadhak,Bahrain,Tamil,Non India,Netherlands,Vijay Reddy,Delhi Group,Twitter,Pending,No,Yes,Confirmed,Admin1
Vikram Natarajan,vikram.natarajan228@yahoo.com,6079973812,Sadhak,Frankfurt,Hindi,Non India,Oman,Naveen Rao,Mumbai Group,Twitter,Pending,Pending,Yes,Interested,Self
Vijay Joshi,vijay.joshi612@outlook.com,6571256831,Facliators,Jodhpur,Kannada,India,India,Suresh Pillai,Mumbai Group,Email,No,Pending,Yes,Awaiting response,RasPay
Mohan Mukherjee,mohan.mukherjee557@hotmail.com,7011433318,Facliators,Varanasi,Gujarati,India,India,Ashwin Verma,Bangalore Group,Instagram,Yes,Pending,No,,Coordinator
Rajan Patel,rajan.patel752@rediffmail.com,7614633371,Facliators,Guwahati,English,India,India,Priya Sharma,Lucknow Group,Twitter,Yes,Pending,Yes,,Volunteer
Vikram Oberoi,vikram.oberoi128@hotmail.com,8641724985,Sadhak,Thane,Marathi,India,India,Naveen Rao,Sydney Group,Facebook,Pending,Pending,Pending,Interested,Admin1
Nikhil Chakraborty,nikhil.chakraborty737@rediffmail.com,9622097745,Sadhak,Coimbatore,Telugu,India,India,Meena Joshi,Chennai Group,Telegram,No,Yes,No,Interested,RasPay
Gopal Chakraborty,gopal.chakraborty893@hotmail.com,8268495256,Sadhak,Ahmedabad,Kannada,India,India,Ashwin Verma,Jaipur Group,WhatsApp,Pending,No,No,Needs reminder,Admin1
Sneha Banerjee,sneha.banerjee842@outlook.com,9934151253,Sadhak,Dubai,Hindi,Non India,Canada,Pooja Mehta,Bangalore Group,Email,Pending,No,Pending,,Coordinator
Karthik Jain,karthik.jain101@gmail.com,6970502678,Facliators,Amsterdam,Telugu,Non India,Singapore,Sunita Patel,Delhi Group,YouTube,Yes,Pending,Yes,Regular attendee,Admin2
Lalit Venkatesh,lalit.venkatesh64@gmail.com,6901420782,Facliators,Nashik,Tamil,India,India,Naveen Rao,Pune Group,Facebook,Yes,No,Pending,,Admin2
Ravi Krishnan,ravi.krishnan654@yahoo.com,6383156684,Facliators,Sydney,Hindi,Non India,Canada,Ravi Kumar,Ahmedabad Group,Word of Mouth,Yes,No,Yes,Follow up,Volunteer
Shiva Natarajan,shiva.natarajan698@hotmail.com,7648026434,Sadhak,Paris,Tamil,Non India,UK,Deepa Nair,Toronto Group,WhatsApp,Pending,Yes,Yes,New member,System
Ananya Subramaniam,ananya.subramaniam26@yahoo.com,9865016199,Sadhak,Kanpur,Punjabi,India,India,Ravi Kumar,Bangalore Group,Website,Pending,Pending,No,,System
Ganesh Sharma,ganesh.sharma354@hotmail.com,9825457061,Facliators,Paris,Malayalam,Non India,UK,Deepa Nair,Coimbatore Group,Instagram,No,Pending,Yes,,Self
Mahesh Natarajan,mahesh.natarajan857@yahoo.com,7176778663,Facliators,Kuala Lumpur,Telugu,Non India,Australia,Lakshmi Krishnan,London Group,Twitter,Yes,Pending,No,New member,Volunteer
Wasim Rajan,wasim.rajan604@outlook.com,6743898307,Sadhak,Doha,Gujarati,Non India,Netherlands,Ravi Kumar,Lucknow Group,YouTube,No,Pending,No,,Admin1
Suresh Menon,suresh.menon547@hotmail.com,8143843624,Facliators,Riyadh,Gujarati,Non India,Sri Lanka,Ganesh Shetty,Pune Group,Facebook,Yes,Pending,Yes,Needs reminder,Facilitator
Radha Kumar,radha.kumar772@hotmail.com,7823803533,Facliators,New York,English,Non India,USA,Vijay Reddy,Kolkata Group,Facebook,Yes,No,Pending,Awaiting response,Volunteer
Geeta Gupta,geeta.gupta481@rediffmail.com,8530252033,Sadhak,Thane,Odia,India,India,Deepa Nair,Chennai Group,Email,No,Pending,Pending,Regular attendee,Admin2
Lokesh Hegde,lokesh.hegde928@yahoo.com,9451870668,Facliators,Vasai,Bengali,India,India,Meena Joshi,Sydney Group,Referral,Pending,No,Yes,,Admin1
Manoj Verma,manoj.verma315@rediffmail.com,8526679076,Facliators,Singapore,Gujarati,Non India,Canada,Deepa Nair,Bangalore Group,Word of Mouth,No,Pending,No,,Facilitator
Vishal Desai,vishal.desai727@gmail.com,7762454415,Sadhak,Mysore,Kannada,India,India,Priya Sharma,Dubai Group,WhatsApp,Yes,Yes,Yes,,Admin1
Aarav Ghosh,aarav.ghosh855@hotmail.com,7064393595,Sadhak,Mysore,Malayalam,India,India,Ravi Kumar,USA Group,YouTube,Yes,Yes,Yes,Needs reminder,RasPay
Bharat Menon,bharat.menon57@rediffmail.com,8309476439,Sadhak,Kalyan,Gujarati,India,India,Naveen Rao,Mumbai Group,Website,Pending,No,Yes,,Volunteer
Harish Nair,harish.nair705@rediffmail.com,8322909730,Facliators,Thane,Telugu,India,India,Meena Joshi,Nagpur Group,Twitter,No,No,Yes,,Volunteer
Ramesh Kulkarni,ramesh.kulkarni131@rediffmail.com,9735104392,Facliators,Faridabad,Tamil,India,India,Lakshmi Krishnan,Hyderabad Group,Twitter,Pending,No,Yes,,RasPay
Darshan Pillai,darshan.pillai139@rediffmail.com,8758291647,Facliators,Delhi,Odia,India,India,Anand Rao,Singapore Group,YouTube,Pending,No,No,,Admin1
Irfan Agarwal,irfan.agarwal496@gmail.com,8851282492,Sadhak,Dhanbad,Marathi,India,India,Karthik Menon,Kolkata Group,Email,Yes,Pending,Pending,,Self
Usha Pandey,usha.pandey918@outlook.com,7901325000,Facliators,London,Gujarati,Non India,New Zealand,Ravi Kumar,Kolkata Group,Word of Mouth,Yes,Yes,Yes,Interested,Self
Ganesh Rao,ganesh.rao637@gmail.com,6102128477,Facliators,Chicago,Hindi,Non India,Qatar,Ravi Kumar,London Group,Email,Pending,No,No,Awaiting response,Admin2
Geeta Chakraborty,geeta.chakraborty788@outlook.com,6380154609,Facliators,Jaipur,Kannada,India,India,Ravi Kumar,Mysore Group,Word of Mouth,Yes,Yes,No,,System
Leela Oberoi,leela.oberoi613@rediffmail.com,8661711253,Sadhak,Ahmedabad,Kannada,India,India,Deepa Nair,Mysore Group,Website,Yes,Yes,Yes,Inactive,Facilitator
Girish Patel,girish.patel376@rediffmail.com,6396008243,Facliators,Houston,Tamil,Non India,Bahrain,Rajesh Kumar,Toronto Group,Facebook,Yes,Pending,No,Follow up,System
Shiva Pandey,shiva.pandey736@gmail.com,9212606127,Sadhak,Colombo,Tamil,Non India,Germany,Arjun Singh,Mysore Group,Email,Pending,No,Yes,,Facilitator
Faisal Rajan,faisal.rajan485@hotmail.com,7121775217,Sadhak,Ludhiana,Kannada,India,India,Deepa Nair,Chennai Group,YouTube,No,Yes,No,Awaiting response,RasPay
Nandita Banerjee,nandita.banerjee873@rediffmail.com,7022913985,Facliators,Houston,English,Non India,Nepal,Suresh Pillai,Sydney Group,Instagram,Pending,Pending,Pending,Inactive,Admin1
Akash Mehta,akash.mehta140@yahoo.com,6726103607,Sadhak,Houston,Telugu,Non India,Germany,Mohan Gupta,Coimbatore Group,YouTube,No,Yes,Yes,Interested,Admin2
Vidya Gowda,vidya.gowda205@yahoo.com,7176316244,Facliators,Singapore,Gujarati,Non India,Nepal,Sunita Patel,London Group,WhatsApp,No,Pending,No,Follow up,Coordinator
Naresh Shetty,naresh.shetty866@hotmail.com,7300848594,Sadhak,Patna,Tamil,India,India,Deepa Nair,Chennai Group,Website,Pending,Yes,Yes,,Admin1
Kavya Kulkarni,kavya.kulkarni128@gmail.com,8969789071,Facliators,Auckland,Tamil,Non India,UK,Pooja Mehta,Dubai Group,WhatsApp,No,No,Pending,New member,RasPay
Uma Rajan,uma.rajan521@outlook.com,6574646040,Sadhak,Singapore,Hindi,Non India,Australia,Sunita Patel,Kolkata Group,Email,No,No,Yes,Interested,Volunteer
Anand Sinha,anand.sinha560@gmail.com,6710080203,Sadhak,Surat,Hindi,India,India,Vijay Reddy,Jaipur Group,WhatsApp,Yes,Yes,Pending,Needs reminder,Admin2
Manish Das,manish.das162@gmail.com,7739020092,Facliators,Colombo,Gujarati,Non India,Germany,Anand Rao,Nagpur Group,WhatsApp,No,Pending,No,Regular attendee,Self
Nikhil Venkatesh,nikhil.venkatesh680@yahoo.com,7177907840,Facliators,Sharjah,Malayalam,Non India,Australia,Anand Rao,Pune Group,Word of Mouth,No,No,No,,RasPay
Zara Venkatesh,zara.venkatesh970@outlook.com,8965902026,Sadhak,Hyderabad,Marathi,India,India,Karthik Menon,Hyderabad Group,Website,Yes,Yes,Pending,Interested,Facilitator
Aryan Tiwari,aryan.tiwari935@rediffmail.com,9660690977,Facliators,Dubai,Hindi,Non India,Kuwait,Naveen Rao,Singapore Group,Instagram,Yes,Pending,Pending,New member,Volunteer
Harish Chakraborty,harish.chakraborty810@hotmail.com,9551325349,Facliators,London,Telugu,Non India,Bahrain,Kavya Iyer,Bangalore Group,Facebook,Yes,Yes,No,,Admin1
Sneha Kamath,sneha.kamath78@outlook.com,7054050689,Sadhak,Kalyan,English,India,India,Rajesh Kumar,Jaipur Group,Telegram,No,Yes,Yes,,System
Dhara Banerjee,dhara.banerjee37@yahoo.com,6739121053,Facliators,Kolkata,Punjabi,India,India,Kavya Iyer,Hyderabad Group,Word of Mouth,Yes,Pending,Pending,,Coordinator
Rajesh Murthy,rajesh.murthy988@hotmail.com,9061015359,Facliators,Pimpri,Assamese,India,India,Anand Rao,Sydney Group,Email,Yes,No,Pending,Regular attendee,Coordinator
Wasim Gupta,wasim.gupta509@yahoo.com,7454689938,Facliators,Sydney,Malayalam,Non India,New Zealand,Rajesh Kumar,Kolkata Group,Twitter,Yes,Pending,No,Active,Admin1
Yogesh Gupta,yogesh.gupta569@outlook.com,6447558219,Facliators,Visakhapatnam,Malayalam,India,India,Ashwin Verma,Chennai Group,Instagram,No,Pending,No,,Volunteer
Savita Desai,savita.desai506@hotmail.com,7408810484,Sadhak,Gwalior,Odia,India,India,Arjun Singh,London Group,Facebook,Pending,No,Pending,,Volunteer
Chitra Rao,chitra.rao247@gmail.com,7609450094,Sadhak,Gwalior,Assamese,India,India,Pooja Mehta,Coimbatore Group,Email,No,Pending,Pending,Regular attendee,Self
Dhara Natarajan,dhara.natarajan318@outlook.com,6813136766,Facliators,Kanpur,Punjabi,India,India,Ashwin Verma,Ahmedabad Group,Telegram,Yes,No,Pending,Active,Coordinator
Pooja Shetty,pooja.shetty59@yahoo.com,6176688306,Sadhak,Amsterdam,English,Non India,New Zealand,Naveen Rao,Singapore Group,Instagram,Pending,Pending,No,,Admin2
Sanjay Roy,sanjay.roy680@rediffmail.com,9908122720,Facliators,Toronto,Gujarati,Non India,Sri Lanka,Lakshmi Krishnan,Dubai Group,Instagram,No,No,No,,Volunteer
Suresh Gowda,suresh.gowda674@rediffmail.com,9072011399,Facliators,Bahrain,Telugu,Non India,Netherlands,Ravi Kumar,Bangalore Group,WhatsApp,No,Pending,Yes,Needs reminder,Admin2
Aryan Venkatesh,aryan.venkatesh367@outlook.com,8440448458,Facliators,Rajkot,Assamese,India,India,Vijay Reddy,London Group,Instagram,No,Yes,Yes,,Volunteer
Leela Pandey,leela.pandey507@gmail.com,9285819484,Facliators,New York,Hindi,Non India,Kuwait,Radha Sharma,Ahmedabad Group,Instagram,Yes,Yes,Yes,Regular attendee,RasPay
Chitra Desai,chitra.desai443@gmail.com,7311683191,Sadhak,Houston,Gujarati,Non India,Germany,Suresh Pillai,Bangalore Group,Word of Mouth,Yes,Pending,Yes,,RasPay
Ritu Iyer,ritu.iyer194@yahoo.com,7005117042,Sadhak,Dhaka,English,Non India,Nepal,Meena Joshi,Mysore Group,WhatsApp,No,Yes,No,,System
Isha Rao,isha.rao432@yahoo.com,8332967480,Facliators,Jodhpur,Kannada,India,India,Kavya Iyer,Kolkata Group,YouTube,No,No,Yes,,System
Suresh Joshi,suresh.joshi373@outlook.com,6445269513,Facliators,Toronto,Gujarati,Non India,Kuwait,Rajesh Kumar,Sydney Group,Word of Mouth,Pending,Yes,No,,RasPay
Suresh Pillai,suresh.pillai741@outlook.com,6802671529,Sadhak,Pune,Bengali,India,India,Priya Sharma,Delhi Group,Facebook,Yes,Pending,Pending,,Admin2
Alka Singh,alka.singh525@hotmail.com,6072729818,Facliators,Dubai,Tamil,Non India,USA,Naveen Rao,USA Group,Email,No,Pending,Yes,,Admin2
Hemant Mishra,hemant.mishra908@yahoo.com,9045550430,Facliators,Paris,Gujarati,Non India,Malaysia,Anand Rao,Mumbai Group,Referral,Pending,No,Pending,,System
Irfan Pillai,irfan.pillai31@yahoo.com,8066635977,Facliators,Singapore,Telugu,Non India,Qatar,Deepa Nair,Coimbatore Group,Facebook,No,No,Yes,New member,Volunteer
Chitra Mukherjee,chitra.mukherjee865@hotmail.com,8963730993,Sadhak,Toronto,English,Non India,Saudi Arabia,Lakshmi Krishnan,Kolkata Group,WhatsApp,No,Pending,No,Confirmed,RasPay
Vikram Yadav,vikram.yadav682@yahoo.com,8924273064,Facliators,Bahrain,English,Non India,Qatar,Priya Sharma,Kolkata Group,Word of Mouth,Pending,No,Pending,,Admin1
Zara Venkatesh,zara.venkatesh334@rediffmail.com,8775405069,Facliators,Faridabad,Kannada,India,India,Priya Sharma,Pune Group,Email,Yes,Yes,Yes,New member,Volunteer
Qasim Patel,qasim.patel956@rediffmail.com,8288476244,Facliators,Chennai,Kannada,India,India,Radha Sharma,Coimbatore Group,Instagram,No,Pending,Pending,,Self
Rahul Kamath,rahul.kamath952@yahoo.com,6794845029,Facliators,Riyadh,Hindi,Non India,UAE,Vijay Reddy,Mumbai Group,Referral,Yes,Yes,Pending,,RasPay
Shiva Nair,shiva.nair454@rediffmail.com,9012198389,Facliators,Vasai,Kannada,India,India,Sunita Patel,London Group,WhatsApp,Pending,Yes,No,,Coordinator
Mohan Pandey,mohan.pandey885@outlook.com,8304396939,Facliators,Houston,Malayalam,Non India,UAE,Suresh Pillai,London Group,Website,Yes,Yes,No,Needs reminder,Self
Sanjay Sen,sanjay.sen490@outlook.com,8279925912,Sadhak,San Jose,Telugu,Non India,Qatar,Meena Joshi,Dubai Group,WhatsApp,Yes,Yes,No,Needs reminder,Self
Irfan Dubey,irfan.dubey174@yahoo.com,9301028902,Facliators,Coimbatore,Malayalam,India,India,Ravi Kumar,Malaysia Group,Word of Mouth,Yes,Yes,Pending,Inactive,Admin1
Deepak Sinha,deepak.sinha600@hotmail.com,9055922815,Facliators,Amsterdam,Malayalam,Non India,Malaysia,Mohan Gupta,Hyderabad Group,Email,Pending,Yes,No,Needs reminder,Facilitator
Hiren Kulkarni,hiren.kulkarni771@yahoo.com,7908372579,Facliators,Melbourne,Telugu,Non India,Nepal,Meena Joshi,Singapore Group,Website,Yes,Yes,Yes,Inactive,RasPay
Faisal Shah,faisal.shah282@yahoo.com,6002026748,Facliators,Houston,Hindi,Non India,Malaysia,Anand Rao,Jaipur Group,Email,Pending,Yes,No,,Coordinator
Rekha Subramaniam,rekha.subramaniam356@rediffmail.com,8150143832,Facliators,Ahmedabad,Bengali,India,India,Anand Rao,Kolkata Group,WhatsApp,Pending,No,No,Confirmed,Admin2
Amit Kulkarni,amit.kulkarni585@hotmail.com,9346404536,Facliators,Sharjah,Telugu,Non India,Oman,Lakshmi Krishnan,Hyderabad Group,Instagram,Pending,Pending,Yes,,Admin1
Usha Jain,usha.jain443@rediffmail.com,6377193029,Facliators,San Jose,Gujarati,Non India,Canada,Anand Rao,Singapore Group,Twitter,Pending,No,No,,Facilitator
Swati Agarwal,swati.agarwal997@yahoo.com,8189209952,Sadhak,Kolkata,Malayalam,India,India,Suresh Pillai,USA Group,Twitter,Yes,Yes,No,,Admin2
Ojas Verma,ojas.verma11@gmail.com,9811546218,Sadhak,Amsterdam,Telugu,Non India,Germany,Deepa Nair,Coimbatore Group,Facebook,Pending,Yes,Pending,Needs reminder,Self
Rahul Kulkarni,rahul.kulkarni806@rediffmail.com,6134617726,Sadhak,Bangalore,Bengali,India,India,Meena Joshi,Delhi Group,Word of Mouth,Yes,No,No,Inactive,System
Neha Joshi,neha.joshi994@hotmail.com,8443504924,Facliators,Bahrain,English,Non India,Malaysia,Swati Shah,Toronto Group,Telegram,Pending,No,Yes,Active,Admin2
Smita Kumar,smita.kumar177@gmail.com,8972915747,Sadhak,Auckland,Hindi,Non India,Singapore,Lakshmi Krishnan,Nagpur Group,Website,Yes,No,Yes,,RasPay
Ruchika Patel,ruchika.patel733@rediffmail.com,7497698133,Facliators,Auckland,English,Non India,Singapore,Rajesh Kumar,Lucknow Group,Website,Yes,Yes,Yes,,System
Nandita Mehta,nandita.mehta471@gmail.com,8865904639,Facliators,Muscat,Hindi,Non India,Australia,Deepa Nair,Jaipur Group,Twitter,Yes,Pending,Yes,,RasPay
Chirag Chakraborty,chirag.chakraborty609@outlook.com,9527218692,Sadhak,Chicago,Malayalam,Non India,Qatar,Ashwin Verma,Chennai Group,Email,No,Yes,No,,Coordinator
Nandita Desai,nandita.desai38@hotmail.com,7243141379,Facliators,London,Malayalam,Non India,Australia,Anand Rao,USA Group,Telegram,No,Yes,Pending,,Coordinator
Meena Mishra,meena.mishra576@yahoo.com,7309482576,Facliators,Visakhapatnam,Tamil,India,India,Ashwin Verma,Bangalore Group,Word of Mouth,No,Yes,No,Regular attendee,RasPay
Ruchika Subramaniam,ruchika.subramaniam341@outlook.com,6265814951,Sadhak,Kuala Lumpur,Gujarati,Non India,Australia,Kavya Iyer,USA Group,Twitter,No,No,Yes,Active,RasPay
Jatin Sen,jatin.sen665@hotmail.com,6826659250,Facliators,Doha,Hindi,Non India,Bahrain,Ganesh Shetty,Jaipur Group,Telegram,Yes,Yes,Yes,Confirmed,Facilitator
Ketan Pandey,ketan.pandey94@outlook.com,8368985127,Facliators,Bahrain,Gujarati,Non India,Australia,Radha Sharma,Toronto Group,WhatsApp,Pending,Pending,No,,System
Shruti Agarwal,shruti.agarwal599@hotmail.com,7948091920,Sadhak,Allahabad,Tamil,India,India,Ganesh Shetty,Sydney Group,Word of Mouth,Pending,Pending,Pending,,Admin1
Neha Reddy,neha.reddy58@gmail.com,7947375559,Sadhak,Doha,Telugu,Non India,Sri Lanka,Deepa Nair,Ahmedabad Group,Website,No,Yes,No,Awaiting response,Self
Divya Jain,divya.jain868@rediffmail.com,7198966364,Sadhak,Dubai,Hindi,Non India,Netherlands,Deepa Nair,Dubai Group,WhatsApp,Yes,No,No,,Volunteer
Ravi Roy,ravi.roy656@outlook.com,6466491959,Sadhak,Gwalior,Malayalam,India,India,Anand Rao,Dubai Group,Email,Yes,Yes,No,Follow up,System
Vidya Bose,vidya.bose61@outlook.com,9657288203,Facliators,Jaipur,Kannada,India,India,Vijay Reddy,Mumbai Group,Facebook,No,Pending,Pending,,Volunteer
Suresh Gowda,suresh.gowda497@rediffmail.com,9692158507,Sadhak,Hyderabad,Marathi,India,India,Karthik Menon,Lucknow Group,Telegram,No,No,Yes,Regular attendee,Self
Mohan Sharma,mohan.sharma342@yahoo.com,8756701454,Sadhak,Indore,Punjabi,India,India,Suresh Pillai,Toronto Group,WhatsApp,No,No,Pending,,Facilitator
Sneha Gowda,sneha.gowda83@outlook.com,7579873184,Sadhak,Pune,Punjabi,India,India,Karthik Menon,Toronto Group,Twitter,Yes,Yes,Pending,Interested,Facilitator
Hemant Nair,hemant.nair21@outlook.com,8378675288,Facliators,Howrah,Punjabi,India,India,Sunita Patel,Lucknow Group,WhatsApp,Yes,Pending,Yes,,Coordinator
Darshan Sen,darshan.sen139@yahoo.com,8464757475,Sadhak,Colombo,English,Non India,Nepal,Swati Shah,Dubai Group,Instagram,Pending,Yes,No,New member,Self
Leela Rao,leela.rao1@rediffmail.com,9827323607,Facliators,Kuala Lumpur,Gujarati,Non India,Kuwait,Meena Joshi,Jaipur Group,Facebook,No,Pending,Pending,Interested,Self
Ketan Shetty,ketan.shetty357@rediffmail.com,9006539720,Facliators,Chennai,Bengali,India,India,Lakshmi Krishnan,USA Group,Website,Yes,No,No,Regular attendee,System
Mohan Joshi,mohan.joshi534@yahoo.com,8480958614,Sadhak,Sharjah,English,Non India,UAE,Ganesh Shetty,Delhi Group,Facebook,Pending,Yes,Pending,Regular attendee,Coordinator
Sunita Das,sunita.das690@gmail.com,6995584768,Sadhak,Sydney,Hindi,Non India,Kuwait,Arjun Singh,Jaipur Group,Telegram,Yes,No,Pending,Active,Admin2
Nisha Natarajan,nisha.natarajan872@gmail.com,9274902602,Facliators,Bhopal,English,India,India,Pooja Mehta,Coimbatore Group,Referral,Pending,Pending,Pending,,System
Qasim Roy,qasim.roy576@rediffmail.com,6966719089,Sadhak,Kuwait City,Tamil,Non India,Canada,Radha Sharma,Coimbatore Group,YouTube,Yes,Yes,Yes,Inactive,Volunteer
Rajesh Iyer,rajesh.iyer38@yahoo.com,8970415313,Sadhak,Mysore,English,India,India,Ravi Kumar,Lucknow Group,Website,No,Yes,No,Regular attendee,Admin1
Ojas Chatterjee,ojas.chatterjee876@hotmail.com,6395775575,Facliators,Abu Dhabi,Gujarati,Non India,Saudi Arabia,Ganesh Shetty,Malaysia Group,Referral,Pending,Pending,Yes,New member,Admin1
Sanjay Natarajan,sanjay.natarajan67@hotmail.com,6617240691,Sadhak,Kathmandu,Malayalam,Non India,Netherlands,Meena Joshi,London Group,WhatsApp,No,No,No,Interested,Self
Faisal Mukherjee,faisal.mukherjee891@rediffmail.com,6780720419,Facliators,Bangalore,Tamil,India,India,Suresh Pillai,Hyderabad Group,YouTube,Yes,Yes,Pending,Regular attendee,Coordinator
Shruti Joshi,shruti.joshi62@hotmail.com,6086240236,Sadhak,Muscat,Malayalam,Non India,Malaysia,Mohan Gupta,Coimbatore Group,Email,Pending,No,No,Inactive,Volunteer
Manoj Patel,manoj.patel700@outlook.com,9312515149,Facliators,Dhaka,English,Non India,Kuwait,Naveen Rao,Dubai Group,YouTube,Pending,Pending,Yes,Awaiting response,System
Savita Chakraborty,savita.chakraborty978@gmail.com,8650367307,Facliators,Amsterdam,Malayalam,Non India,Canada,Karthik Menon,Sydney Group,Facebook,Pending,No,Pending,Inactive,Admin1
Uma Subramaniam,uma.subramaniam572@rediffmail.com,7505694492,Sadhak,Ahmedabad,Kannada,India,India,Sunita Patel,Chennai Group,Word of Mouth,Yes,Pending,Yes,Follow up,System
Isha Mukherjee,isha.mukherjee582@gmail.com,9156870788,Facliators,Melbourne,Hindi,Non India,Netherlands,Ashwin Verma,Kolkata Group,Twitter,Pending,No,Yes,New member,Volunteer
Nikhil Jain,nikhil.jain101@yahoo.com,8067112698,Sadhak,Meerut,Malayalam,India,India,Meena Joshi,Singapore Group,Word of Mouth,Yes,Pending,Pending,Awaiting response,System
Faisal Dubey,faisal.dubey161@rediffmail.com,8057212799,Sadhak,Jodhpur,Odia,India,India,Meena Joshi,Sydney Group,Referral,No,Yes,Pending,,System
Meena Singh,meena.singh710@hotmail.com,8614195187,Sadhak,Pune,Tamil,India,India,Swati Shah,Mumbai Group,Facebook,Yes,Yes,No,,Volunteer
Rajan Krishnan,rajan.krishnan851@outlook.com,7737994104,Facliators,Kuwait City,Hindi,Non India,Canada,Anand Rao,Toronto Group,Instagram,Yes,Yes,Pending,,Volunteer
Ravi Mukherjee,ravi.mukherjee979@gmail.com,7725797656,Sadhak,Abu Dhabi,Gujarati,Non India,Australia,Naveen Rao,Coimbatore Group,WhatsApp,Yes,No,Pending,Interested,System
Ganesh Singh,ganesh.singh944@rediffmail.com,7111260317,Sadhak,Vasai,Punjabi,India,India,Vijay Reddy,Malaysia Group,Facebook,Pending,Pending,Yes,Interested,Facilitator
Chirag Dey,chirag.dey585@yahoo.com,8342453171,Facliators,Bahrain,Hindi,Non India,New Zealand,Ravi Kumar,London Group,Referral,No,Pending,Yes,Interested,Coordinator
Umesh Krishnan,umesh.krishnan555@yahoo.com,8170831465,Sadhak,Patna,Telugu,India,India,Mohan Gupta,Lucknow Group,Email,Yes,Yes,Yes,,Self
Hemant Venkatesh,hemant.venkatesh845@rediffmail.com,6684266275,Sadhak,Mysore,Assamese,India,India,Ganesh Shetty,Nagpur Group,Instagram,Yes,Yes,No,Inactive,RasPay
Bharat Rajan,bharat.rajan598@gmail.com,8241176498,Facliators,Kota,Telugu,India,India,Arjun Singh,Bangalore Group,Referral,No,No,Yes,Awaiting response,Self
Hiren Tiwari,hiren.tiwari309@hotmail.com,6646874952,Sadhak,Kathmandu,English,Non India,Australia,Karthik Menon,Coimbatore Group,Referral,No,Pending,Yes,,Admin2
Varun Menon,varun.menon371@rediffmail.com,8091319875,Facliators,Delhi,Marathi,India,India,Sunita Patel,Jaipur Group,WhatsApp,No,No,No,Active,Facilitator
Manju Singh,manju.singh395@outlook.com,6758465252,Facliators,Kolkata,Odia,India,India,Pooja Mehta,Sydney Group,WhatsApp,No,Pending,Pending,,RasPay
Ojas Roy,ojas.roy131@yahoo.com,6375781138,Facliators,Bhopal,Tamil,India,India,Lakshmi Krishnan,Nagpur Group,Referral,No,Pending,Yes,Regular attendee,RasPay
Karthik Subramaniam,karthik.subramaniam924@yahoo.com,8885252017,Sadhak,Meerut,Punjabi,India,India,Naveen Rao,Ahmedabad Group,Facebook,No,No,Pending,Active,Admin2
Vijay Singh,vijay.singh188@outlook.com,7573384277,Facliators,Dubai,Gujarati,Non India,Germany,Ganesh Shetty,USA Group,Referral,Yes,Pending,Yes,Needs reminder,Facilitator
Parth Hegde,parth.hegde432@rediffmail.com,6716732296,Sadhak,Visakhapatnam,Assamese,India,India,Karthik Menon,Nagpur Group,Twitter,Yes,Yes,Pending,Follow up,Coordinator
Gopal Rajan,gopal.rajan889@rediffmail.com,8953937081,Sadhak,Chicago,Gujarati,Non India,Qatar,Deepa Nair,Hyderabad Group,Referral,Yes,No,Pending,Active,Self
Bharat Menon,bharat.menon715@outlook.com,8599144042,Sadhak,Paris,Tamil,Non India,Bahrain,Naveen Rao,Ahmedabad Group,Telegram,Yes,Yes,Pending,,Admin2
Umesh Patel,umesh.patel178@rediffmail.com,6882832506,Facliators,London,Telugu,Non India,Bahrain,Priya Sharma,Bangalore Group,Telegram,No,Yes,No,,System
Usha Dubey,usha.dubey711@gmail.com,7392438225,Facliators,Muscat,Malayalam,Non India,Sri Lanka,Deepa Nair,Jaipur Group,Instagram,Pending,Yes,No,Needs reminder,Coordinator
Leela Shetty,leela.shetty177@rediffmail.com,6598024291,Sadhak,Dhanbad,English,India,India,Meena Joshi,Kolkata Group,Word of Mouth,Pending,Yes,Pending,,Admin2
Vijay Mukherjee,vijay.mukherjee476@outlook.com,9024819424,Facliators,Sharjah,English,Non India,Sri Lanka,Ashwin Verma,Hyderabad Group,Word of Mouth,No,No,No,Regular attendee,Volunteer
Sachin Banerjee,sachin.banerjee586@rediffmail.com,7977632878,Facliators,Guwahati,English,India,India,Suresh Pillai,Jaipur Group,Website,Pending,No,Yes,Regular attendee,Facilitator
Meena Tiwari,meena.tiwari270@rediffmail.com,7756796489,Facliators,Visakhapatnam,Assamese,India,India,Ganesh Shetty,Jaipur Group,Telegram,No,Yes,No,,System
Shruti Reddy,shruti.reddy936@gmail.com,7410341492,Sadhak,Varanasi,English,India,India,Sunita Patel,Toronto Group,Instagram,No,Yes,No,,Admin2
Dhara Reddy,dhara.reddy776@rediffmail.com,7500312647,Sadhak,Jabalpur,Telugu,India,India,Swati Shah,Coimbatore Group,Word of Mouth,Yes,Yes,Pending,Needs reminder,Admin1
Aryan Verma,aryan.verma746@outlook.com,7797910489,Facliators,Doha,Tamil,Non India,Qatar,Arjun Singh,Bangalore Group,Email,Pending,Yes,No,Confirmed,Volunteer
Mohan Shastri,mohan.shastri169@rediffmail.com,8987348458,Facliators,Abu Dhabi,Malayalam,Non India,UK,Deepa Nair,Kolkata Group,Word of Mouth,No,No,No,,Volunteer
Hema Gupta,hema.gupta183@hotmail.com,8605878242,Sadhak,Allahabad,Malayalam,India,India,Mohan Gupta,Toronto Group,Referral,No,Pending,Yes,,Facilitator
Manoj Pandey,manoj.pandey539@yahoo.com,6316919773,Sadhak,San Jose,Tamil,Non India,Kuwait,Lakshmi Krishnan,Toronto Group,Word of Mouth,Pending,Yes,No,Follow up,System
Ganesh Jain,ganesh.jain220@outlook.com,6746122895,Sadhak,Sharjah,Gujarati,Non India,UK,Karthik Menon,Pune Group,YouTube,Pending,No,Pending,Awaiting response,Admin1
Lakshmi Shetty,lakshmi.shetty798@gmail.com,9188083153,Sadhak,Vasai,English,India,India,Ravi Kumar,Ahmedabad Group,Instagram,Yes,Pending,No,Inactive,Admin2
Lalit Kamath,lalit.kamath56@outlook.com,8386681124,Sadhak,Riyadh,English,Non India,Malaysia,Rajesh Kumar,Mumbai Group,Word of Mouth,Pending,Yes,Yes,Needs reminder,Volunteer
Jayesh Sinha,jayesh.sinha80@hotmail.com,8034582992,Sadhak,Melbourne,English,Non India,Australia,Pooja Mehta,Toronto Group,Facebook,Yes,Pending,Yes,,RasPay
Karthik Jain,karthik.jain726@yahoo.com,8422651467,Facliators,Varanasi,Telugu,India,India,Deepa Nair,London Group,Word of Mouth,Pending,No,No,Interested,Admin2
Savita Pandey,savita.pandey159@yahoo.com,8747526060,Facliators,Kalyan,Kannada,India,India,Naveen Rao,Pune Group,Instagram,Pending,Pending,Yes,Regular attendee,Self
Dhara Shetty,dhara.shetty261@outlook.com,8205133535,Facliators,San Jose,Tamil,Non India,USA,Priya Sharma,Hyderabad Group,Instagram,No,Pending,No,Needs reminder,Facilitator
Kamla Desai,kamla.desai230@yahoo.com,6309758089,Sadhak,Toronto,Gujarati,Non India,New Zealand,Naveen Rao,Nagpur Group,YouTube,No,No,Yes,Inactive,Self
Ketan Dubey,ketan.dubey401@gmail.com,6106295685,Sadhak,Coimbatore,Tamil,India,India,Lakshmi Krishnan,Singapore Group,WhatsApp,Pending,Yes,Yes,,Facilitator
Shruti Sharma,shruti.sharma8@outlook.com,8086343865,Facliators,Houston,Gujarati,Non India,Bahrain,Suresh Pillai,Singapore Group,Referral,Pending,No,Yes,,Self
Wasim Chakraborty,wasim.chakraborty234@rediffmail.com,7336985727,Sadhak,Paris,Telugu,Non India,Malaysia,Ganesh Shetty,Delhi Group,YouTube,Yes,Pending,Pending,,Self
Bharat Roy,bharat.roy809@outlook.com,6201479324,Sadhak,Ranchi,Malayalam,India,India,Lakshmi Krishnan,Dubai Group,Facebook,Yes,Pending,Yes,,Self
Rajesh Gupta,rajesh.gupta822@hotmail.com,7202311627,Sadhak,Auckland,English,Non India,Oman,Sunita Patel,Delhi Group,Website,No,Pending,Yes,Awaiting response,Admin1
Chitra Joshi,chitra.joshi323@yahoo.com,8787830395,Facliators,Srinagar,Kannada,India,India,Swati Shah,Nagpur Group,Referral,No,Yes,No,,System
Rohit Yadav,rohit.yadav288@outlook.com,6227872441,Facliators,Varanasi,Assamese,India,India,Rajesh Kumar,Singapore Group,Facebook,Pending,Pending,No,,Coordinator
Nandita Venkatesh,nandita.venkatesh557@hotmail.com,6306370857,Facliators,San Jose,Hindi,Non India,Sri Lanka,Radha Sharma,USA Group,Telegram,Pending,Pending,Yes,,RasPay
Shiva Roy,shiva.roy531@yahoo.com,7593486461,Facliators,Raipur,Hindi,India,India,Lakshmi Krishnan,Sydney Group,YouTube,Yes,Yes,Yes,,RasPay
Vijay Rao,vijay.rao49@yahoo.com,9055617240,Facliators,Vasai,Gujarati,India,India,Ashwin Verma,Kolkata Group,Website,No,Yes,Pending,,Volunteer
Chirag Nair,chirag.nair135@outlook.com,7956570854,Facliators,Bangalore,Hindi,India,India,Karthik Menon,Kolkata Group,Referral,Pending,Pending,Yes,,Volunteer
Tarun Gupta,tarun.gupta249@outlook.com,9882101808,Sadhak,San Jose,Malayalam,Non India,UAE,Ravi Kumar,Hyderabad Group,WhatsApp,Pending,Pending,Pending,New member,System
Rajan Subramaniam,rajan.subramaniam411@yahoo.com,6864930249,Facliators,Agra,Odia,India,India,Mohan Gupta,Kolkata Group,Telegram,No,No,Yes,,Facilitator
Pranav Oberoi,pranav.oberoi615@gmail.com,7817812363,Sadhak,San Jose,Gujarati,Non India,Singapore,Sunita Patel,Mumbai Group,Facebook,Pending,Pending,Pending,Confirmed,Admin1
Chirag Pillai,chirag.pillai793@yahoo.com,6410124432,Facliators,Chicago,English,Non India,New Zealand,Vijay Reddy,Ahmedabad Group,Website,Pending,Yes,Yes,Inactive,System
Vishal Dey,vishal.dey632@yahoo.com,8356367506,Facliators,Sydney,Malayalam,Non India,Saudi Arabia,Sunita Patel,Ahmedabad Group,YouTube,No,No,No,Awaiting response,Admin2
Geeta Venkatesh,geeta.venkatesh529@rediffmail.com,7086882349,Facliators,Sharjah,Hindi,Non India,Singapore,Anand Rao,Sydney Group,Referral,No,No,Pending,Inactive,Self
Karthik Roy,karthik.roy915@outlook.com,8119079357,Facliators,Kanpur,Malayalam,India,India,Sunita Patel,Coimbatore Group,Twitter,Yes,Yes,No,Active,Self
Radha Jain,radha.jain222@gmail.com,9854250927,Facliators,Riyadh,Telugu,Non India,New Zealand,Karthik Menon,Singapore Group,Instagram,Pending,No,Pending,Inactive,Admin1
Mohan Gupta,mohan.gupta799@hotmail.com,7163645970,Sadhak,Frankfurt,Malayalam,Non India,Oman,Radha Sharma,London Group,Facebook,Pending,Pending,Pending,,Facilitator
Parvati Sinha,parvati.sinha380@rediffmail.com,8667651890,Sadhak,Dubai,Gujarati,Non India,Qatar,Suresh Pillai,London Group,YouTube,Pending,Pending,Pending,,Admin1
Alka Dubey,alka.dubey413@gmail.com,8603980008,Facliators,Melbourne,Tamil,Non India,Qatar,Karthik Menon,Dubai Group,YouTube,No,Pending,No,Follow up,Coordinator
Karthik Desai,karthik.desai62@outlook.com,6210790513,Facliators,Guwahati,Marathi,India,India,Ashwin Verma,Ahmedabad Group,Instagram,Yes,No,Pending,,System
Pooja Banerjee,pooja.banerjee429@outlook.com,7101012924,Facliators,Visakhapatnam,Tamil,India,India,Kavya Iyer,Kolkata Group,YouTube,No,No,Pending,Confirmed,Self
Wasim Venkatesh,wasim.venkatesh476@hotmail.com,9938034770,Sadhak,Bahrain,Malayalam,Non India,USA,Deepa Nair,Ahmedabad Group,Twitter,Pending,Yes,Yes,,RasPay
Girish Venkatesh,girish.venkatesh934@hotmail.com,7648030855,Facliators,Dhanbad,Telugu,India,India,Ganesh Shetty,Kolkata Group,Referral,Pending,Pending,Yes,Follow up,Self
Neha Naik,neha.naik816@gmail.com,8087572166,Sadhak,Chicago,English,Non India,Saudi Arabia,Radha Sharma,Toronto Group,WhatsApp,Pending,No,Pending,,System
Radha Jain,radha.jain733@hotmail.com,7840286651,Facliators,Dhaka,English,Non India,Malaysia,Deepa Nair,Pune Group,YouTube,No,Yes,Yes,Active,Admin1
Akash Krishnan,akash.krishnan542@hotmail.com,8652864678,Facliators,London,Telugu,Non India,Canada,Arjun Singh,Chennai Group,YouTube,Yes,No,Pending,Awaiting response,Self
Ashwin Krishnan,ashwin.krishnan634@outlook.com,8108657654,Sadhak,Pune,Telugu,India,India,Lakshmi Krishnan,Jaipur Group,Website,Yes,No,Pending,,Coordinator
Jayesh Chatterjee,jayesh.chatterjee498@outlook.com,8222931921,Facliators,Kota,Odia,India,India,Ravi Kumar,Kolkata Group,Website,Yes,Yes,Yes,Active,System
Aditya Singh,aditya.singh770@yahoo.com,8642520568,Sadhak,Mumbai,Assamese,India,India,Sunita Patel,Sydney Group,Facebook,No,No,No,,RasPay
Bindu Patel,bindu.patel205@rediffmail.com,7209571610,Sadhak,Vasai,English,India,India,Mohan Gupta,Malaysia Group,YouTube,Yes,Yes,Pending,,Self
Arjun Dey,arjun.dey224@rediffmail.com,9262480311,Sadhak,Frankfurt,Tamil,Non India,Malaysia,Suresh Pillai,Lucknow Group,YouTube,No,No,Pending,,Coordinator
Chitra Shah,chitra.shah873@gmail.com,6067251416,Sadhak,Visakhapatnam,English,India,India,Ravi Kumar,Lucknow Group,Telegram,Yes,No,No,Awaiting response,RasPay
Alka Shetty,alka.shetty154@yahoo.com,8960648724,Facliators,Dhaka,Tamil,Non India,Sri Lanka,Radha Sharma,Singapore Group,Twitter,No,Pending,Yes,Regular attendee,Volunteer
Wasim Singh,wasim.singh604@hotmail.com,8775191569,Facliators,Kuala Lumpur,Telugu,Non India,Oman,Rajesh Kumar,Mysore Group,YouTube,Pending,Pending,Yes,Interested,System
Rohit Agarwal,rohit.agarwal556@gmail.com,9115608684,Sadhak,Surat,Odia,India,India,Swati Shah,Delhi Group,Email,No,No,Yes,Regular attendee,Volunteer
Sneha Desai,sneha.desai440@yahoo.com,7306731562,Sadhak,Varanasi,Assamese,India,India,Vijay Reddy,Mysore Group,Website,No,Pending,No,,Admin2
Arjun Oberoi,arjun.oberoi492@gmail.com,6477211547,Sadhak,Kota,Telugu,India,India,Radha Sharma,Pune Group,Twitter,Pending,No,Pending,,Admin2
Naresh Subramaniam,naresh.subramaniam453@hotmail.com,6629619946,Sadhak,Melbourne,Tamil,Non India,Canada,Swati Shah,Chennai Group,Twitter,Pending,No,Yes,Interested,Volunteer
Vijay Pandey,vijay.pandey68@hotmail.com,9820917469,Sadhak,Colombo,English,Non India,Nepal,Mohan Gupta,Lucknow Group,Email,Yes,Yes,No,,Facilitator
Meena Oberoi,meena.oberoi405@gmail.com,8733248649,Sadhak,Bahrain,Hindi,Non India,Australia,Vijay Reddy,Chennai Group,Referral,Pending,Yes,Pending,Follow up,Facilitator
Neha Shastri,neha.shastri824@rediffmail.com,8668281738,Facliators,Amsterdam,Tamil,Non India,Canada,Kavya Iyer,Toronto Group,YouTube,Yes,Yes,Yes,,Coordinator
Manish Banerjee,manish.banerjee766@gmail.com,9913685559,Facliators,San Jose,English,Non India,USA,Ashwin Verma,Nagpur Group,Telegram,Yes,Yes,Yes,,Facilitator
Mohan Kumar,mohan.kumar910@gmail.com,8953075606,Facliators,Auckland,Telugu,Non India,New Zealand,Swati Shah,USA Group,Referral,No,No,Yes,Regular attendee,Coordinator
Vani Rao,vani.rao453@outlook.com,7950019978,Facliators,Kolkata,English,India,India,Radha Sharma,Singapore Group,Instagram,No,No,No,,Volunteer
Sanjay Chakraborty,sanjay.chakraborty980@rediffmail.com,6458727393,Sadhak,Kanpur,Marathi,India,India,Ganesh Shetty,Ahmedabad Group,YouTube,No,No,Pending,,Admin1
Sneha Patil,sneha.patil881@gmail.com,7558716156,Facliators,Nashik,Odia,India,India,Arjun Singh,Malaysia Group,Referral,No,Yes,No,Needs reminder,RasPay
Nandita Yadav,nandita.yadav901@yahoo.com,8122335385,Sadhak,San Jose,Tamil,Non India,Malaysia,Sunita Patel,Delhi Group,Twitter,No,No,Pending,Interested,Facilitator
Jyoti Shetty,jyoti.shetty549@yahoo.com,6720767399,Sadhak,Vadodara,Hindi,India,India,Sunita Patel,Mysore Group,Email,Pending,Yes,No,Confirmed,Volunteer
Ojas Kamath,ojas.kamath214@outlook.com,8418729593,Sadhak,Doha,Malayalam,Non India,Saudi Arabia,Mohan Gupta,USA Group,Instagram,No,Pending,Pending,New member,Facilitator
Rajan Patil,rajan.patil486@outlook.com,8645991531,Sadhak,Aurangabad,Kannada,India,India,Suresh Pillai,Lucknow Group,Instagram,Pending,Yes,Yes,New member,Self
Sneha Chakraborty,sneha.chakraborty460@yahoo.com,7469994457,Sadhak,Bahrain,English,Non India,Australia,Sunita Patel,Jaipur Group,WhatsApp,Yes,No,Yes,Regular attendee,Coordinator
Lalit Patil,lalit.patil342@rediffmail.com,7660520347,Sadhak,Muscat,Telugu,Non India,Nepal,Meena Joshi,Toronto Group,YouTube,Yes,Pending,Pending,Follow up,Admin2
Lokesh Sen,lokesh.sen472@outlook.com,8456720260,Facliators,Riyadh,Malayalam,Non India,UAE,Suresh Pillai,Pune Group,Telegram,Yes,No,No,,System
Vishal Gowda,vishal.gowda387@gmail.com,6768223863,Sadhak,Melbourne,English,Non India,Malaysia,Radha Sharma,Mumbai Group,Facebook,Pending,Yes,Pending,,RasPay
Rajan Bose,rajan.bose689@outlook.com,6164361248,Facliators,Melbourne,Telugu,Non India,Oman,Sunita Patel,Mumbai Group,WhatsApp,Pending,No,Pending,,Admin1
Hemant Tiwari,hemant.tiwari280@hotmail.com,6126854867,Facliators,Doha,Malayalam,Non India,Canada,Ganesh Shetty,Singapore Group,Referral,No,No,Yes,Awaiting response,Admin2
Karthik Gowda,karthik.gowda293@yahoo.com,8929517991,Facliators,Varanasi,Tamil,India,India,Ashwin Verma,Mysore Group,Telegram,No,Yes,Yes,,Facilitator
Ravi Pandey,ravi.pandey241@rediffmail.com,7514505152,Sadhak,Guwahati,Odia,India,India,Meena Joshi,USA Group,Telegram,No,Pending,Yes,Confirmed,Admin1
Manju Pandey,manju.pandey620@gmail.com,6212618492,Sadhak,Dhaka,Hindi,Non India,New Zealand,Ganesh Shetty,London Group,Telegram,Pending,Yes,Yes,,RasPay
Amit Natarajan,amit.natarajan281@rediffmail.com,6142730136,Sadhak,Kota,Gujarati,India,India,Anand Rao,Chennai Group,Website,Yes,No,No,Awaiting response,RasPay
Hema Rao,hema.rao977@outlook.com,6359772517,Facliators,Rajkot,Kannada,India,India,Arjun Singh,Toronto Group,Twitter,No,Yes,Pending,Follow up,System
Sneha Dey,sneha.dey398@yahoo.com,7445100296,Sadhak,Houston,Telugu,Non India,USA,Arjun Singh,Delhi Group,Word of Mouth,Pending,Pending,Yes,,RasPay
Vikram Gupta,vikram.gupta94@rediffmail.com,9943041059,Sadhak,Thane,Punjabi,India,India,Suresh Pillai,Mumbai Group,Word of Mouth,Pending,No,Yes,,RasPay
Hema Patil,hema.patil626@rediffmail.com,9485114270,Facliators,San Jose,Telugu,Non India,UK,Lakshmi Krishnan,Nagpur Group,Facebook,Yes,No,No,Follow up,Facilitator
Priya Venkatesh,priya.venkatesh610@outlook.com,6290257815,Sadhak,Colombo,Gujarati,Non India,Canada,Kavya Iyer,Mysore Group,Referral,No,No,Pending,Active,Facilitator
Manoj Murthy,manoj.murthy100@yahoo.com,6960306300,Sadhak,Howrah,Odia,India,India,Mohan Gupta,Kolkata Group,Website,No,No,No,,System
Jayesh Rao,jayesh.rao116@hotmail.com,8373352534,Facliators,Indore,Gujarati,India,India,Pooja Mehta,London Group,Telegram,Pending,Pending,No,Awaiting response,Facilitator
Rajan Nair,rajan.nair751@outlook.com,7420058867,Facliators,Delhi,Odia,India,India,Naveen Rao,Sydney Group,YouTube,Yes,Yes,No,,Facilitator
Irfan Mishra,irfan.mishra738@yahoo.com,7443641151,Sadhak,Ludhiana,Bengali,India,India,Vijay Reddy,Hyderabad Group,Instagram,Pending,No,Yes,,Self
Nandita Singh,nandita.singh51@yahoo.com,8789909747,Sadhak,Sharjah,Gujarati,Non India,Netherlands,Kavya Iyer,Ahmedabad Group,Website,Pending,Pending,Yes,,Volunteer
Sneha Patil,sneha.patil167@yahoo.com,9889688472,Facliators,Nashik,English,India,India,Meena Joshi,Singapore Group,YouTube,Yes,Yes,Yes,Inactive,Admin2
Arjun Venkatesh,arjun.venkatesh707@yahoo.com,6343645258,Sadhak,Ahmedabad,Bengali,India,India,Priya Sharma,Singapore Group,Website,No,No,Pending,Interested,Coordinator
Karthik Banerjee,karthik.banerjee802@yahoo.com,9949615933,Facliators,Thane,Gujarati,India,India,Swati Shah,Kolkata Group,YouTube,No,Yes,No,,Volunteer
Ketan Sharma,ketan.sharma588@hotmail.com,7204108580,Sadhak,Singapore,Malayalam,Non India,USA,Arjun Singh,Mumbai Group,Telegram,Pending,Yes,Pending,Follow up,Facilitator
Mahesh Shastri,mahesh.shastri939@outlook.com,6346888856,Facliators,Doha,Telugu,Non India,Australia,Naveen Rao,Delhi Group,Word of Mouth,Yes,Yes,No,Awaiting response,Coordinator
Ananya Chakraborty,ananya.chakraborty706@hotmail.com,8001229978,Sadhak,Auckland,Hindi,Non India,Qatar,Naveen Rao,Kolkata Group,Twitter,Yes,Yes,No,Inactive,System
Lokesh Patil,lokesh.patil82@yahoo.com,8340352913,Sadhak,Dubai,Gujarati,Non India,Australia,Pooja Mehta,Nagpur Group,Twitter,Yes,Yes,Yes,,Admin2
Arjun Sinha,arjun.sinha70@outlook.com,9105247944,Sadhak,Frankfurt,Hindi,Non India,Kuwait,Rajesh Kumar,Malaysia Group,Referral,No,Yes,Yes,Interested,Coordinator
Vidya Reddy,vidya.reddy129@hotmail.com,8483936310,Facliators,Sydney,Tamil,Non India,New Zealand,Anand Rao,Mumbai Group,Website,No,Yes,No,,Self
Savita Kumar,savita.kumar140@yahoo.com,8907125414,Sadhak,Dubai,Telugu,Non India,Malaysia,Mohan Gupta,Bangalore Group,Word of Mouth,Pending,Pending,Yes,,Admin2
Darshan Krishnan,darshan.krishnan173@rediffmail.com,8677320899,Facliators,Patna,Bengali,India,India,Radha Sharma,Nagpur Group,YouTube,No,No,Pending,,System
Ananya Kumar,ananya.kumar529@rediffmail.com,9512208000,Facliators,London,Malayalam,Non India,USA,Kavya Iyer,Lucknow Group,WhatsApp,Pending,No,Pending,,System
Ramesh Sundaram,ramesh.sundaram243@gmail.com,8141981732,Sadhak,Bahrain,Hindi,Non India,Malaysia,Arjun Singh,Pune Group,WhatsApp,Pending,No,No,Regular attendee,Self
Yamini Sinha,yamini.sinha239@yahoo.com,7528781700,Facliators,Colombo,Gujarati,Non India,UK,Arjun Singh,Mumbai Group,YouTube,No,Yes,Pending,,Self
Ravi Krishnan,ravi.krishnan34@yahoo.com,9930121088,Sadhak,San Jose,English,Non India,Malaysia,Priya Sharma,Sydney Group,Telegram,Pending,Yes,No,,Admin1
Vani Sinha,vani.sinha813@outlook.com,9907845739,Facliators,Vadodara,Odia,India,India,Radha Sharma,Delhi Group,Referral,Yes,Yes,Yes,Regular attendee,Self
Yogesh Das,yogesh.das386@gmail.com,7773707054,Facliators,Srinagar,English,India,India,Meena Joshi,Sydney Group,Website,Pending,Pending,Yes,Follow up,RasPay
Dinesh Roy,dinesh.roy364@hotmail.com,6980738028,Facliators,Nagpur,Kannada,India,India,Deepa Nair,Ahmedabad Group,Twitter,Pending,Pending,No,,Coordinator
Ganesh Kulkarni,ganesh.kulkarni302@yahoo.com,8417597693,Sadhak,Dhanbad,Punjabi,India,India,Mohan Gupta,Mumbai Group,Facebook,Yes,Yes,No,,Volunteer
Manish Hegde,manish.hegde65@gmail.com,6883909225,Facliators,Pune,Hindi,India,India,Sunita Patel,Jaipur Group,Referral,Pending,Pending,No,Awaiting response,Admin1
Aditya Subramaniam,aditya.subramaniam349@hotmail.com,8158759843,Facliators,Visakhapatnam,Punjabi,India,India,Karthik Menon,USA Group,YouTube,Yes,Pending,Yes,Regular attendee,Self
Leela Iyer,leela.iyer20@rediffmail.com,7604969959,Sadhak,Muscat,Gujarati,Non India,Germany,Anand Rao,Dubai Group,Referral,No,Pending,Yes,,Volunteer
Parth Rao,parth.rao298@rediffmail.com,8563503540,Facliators,Jodhpur,Malayalam,India,India,Rajesh Kumar,Jaipur Group,Email,Pending,Pending,Pending,Active,Admin1
Rohit Kumar,rohit.kumar911@outlook.com,6682288779,Sadhak,Chennai,Hindi,India,India,Priya Sharma,Ahmedabad Group,Word of Mouth,No,Yes,No,Confirmed,RasPay
Lokesh Chakraborty,lokesh.chakraborty48@rediffmail.com,7613354195,Facliators,Pimpri,Kannada,India,India,Lakshmi Krishnan,Hyderabad Group,Word of Mouth,Pending,No,Yes,Needs reminder,Admin1
Ojas Sen,ojas.sen614@yahoo.com,7113808500,Facliators,Sydney,Hindi,Non India,Sri Lanka,Ravi Kumar,Toronto Group,Facebook,Pending,Yes,No,,RasPay
Chirag Patil,chirag.patil641@rediffmail.com,7509439188,Sadhak,Toronto,Gujarati,Non India,Bahrain,Deepa Nair,Kolkata Group,Facebook,Yes,No,Yes,Inactive,Facilitator
Suresh Krishnan,suresh.krishnan639@outlook.com,6463222215,Facliators,Patna,Assamese,India,India,Ganesh Shetty,Mumbai Group,Facebook,Yes,Yes,Yes,,Admin1
Meena Roy,meena.roy754@rediffmail.com,6971549924,Facliators,Thane,Malayalam,India,India,Ashwin Verma,Dubai Group,Word of Mouth,Yes,Pending,Pending,,Self
Lakshmi Mishra,lakshmi.mishra606@yahoo.com,8449246557,Facliators,Varanasi,Marathi,India,India,Suresh Pillai,Toronto Group,Website,Pending,Yes,Pending,Needs reminder,Coordinator
Sagar Sen,sagar.sen840@gmail.com,7857435846,Sadhak,Aurangabad,Odia,India,India,Meena Joshi,Mumbai Group,Facebook,Yes,No,No,,Admin1
Isha Kumar,isha.kumar24@rediffmail.com,8770444871,Sadhak,Guwahati,Gujarati,India,India,Arjun Singh,Hyderabad Group,Telegram,Yes,Pending,Yes,,RasPay
Hiren Naik,hiren.naik727@yahoo.com,8602514167,Facliators,Abu Dhabi,Telugu,Non India,Saudi Arabia,Karthik Menon,Toronto Group,Word of Mouth,No,Yes,No,,Volunteer
Zara Patel,zara.patel650@hotmail.com,9046762701,Facliators,Agra,Odia,India,India,Sunita Patel,Malaysia Group,Instagram,No,Yes,Pending,Interested,Admin2
Naresh Yadav,naresh.yadav992@gmail.com,8599367750,Sadhak,Gwalior,Marathi,India,India,Mohan Gupta,Mumbai Group,Word of Mouth,No,No,No,,System
Taruna Kamath,taruna.kamath287@outlook.com,9794951187,Sadhak,Lucknow,Bengali,India,India,Priya Sharma,Coimbatore Group,Twitter,Yes,Pending,Yes,Follow up,Facilitator
Yogesh Nair,yogesh.nair100@yahoo.com,8615167127,Sadhak,Nashik,Assamese,India,India,Meena Joshi,Coimbatore Group,Facebook,No,No,Pending,Active,Admin2
Nisha Rao,nisha.rao490@outlook.com,9738827902,Sadhak,New York,English,Non India,Oman,Vijay Reddy,Jaipur Group,WhatsApp,Pending,Pending,Yes,,Admin2
Parth Oberoi,parth.oberoi516@hotmail.com,8659523740,Sadhak,Frankfurt,Malayalam,Non India,Oman,Kavya Iyer,Coimbatore Group,Telegram,Pending,Pending,Pending,,RasPay
Umesh Rao,umesh.rao362@yahoo.com,6115772511,Facliators,Lucknow,English,India,India,Lakshmi Krishnan,Jaipur Group,YouTube,No,Yes,Pending,,Self
Kamla Subramaniam,kamla.subramaniam730@outlook.com,6553465197,Sadhak,Rajkot,Assamese,India,India,Lakshmi Krishnan,Delhi Group,Word of Mouth,Yes,No,Pending,Active,Self
Geeta Ghosh,geeta.ghosh585@hotmail.com,9538722889,Sadhak,Dubai,Tamil,Non India,Singapore,Meena Joshi,Hyderabad Group,Word of Mouth,No,Yes,No,New member,Volunteer
Ojas Rajan,ojas.rajan615@rediffmail.com,6078033508,Sadhak,Auckland,Hindi,Non India,Bahrain,Suresh Pillai,Pune Group,Facebook,Pending,Pending,Pending,Regular attendee,Self
Sanjay Sharma,sanjay.sharma518@outlook.com,7652418614,Sadhak,Pimpri,Marathi,India,India,Ravi Kumar,Mysore Group,Twitter,Pending,No,No,,Admin1
Divya Mukherjee,divya.mukherjee927@hotmail.com,7723860033,Facliators,Kuala Lumpur,Hindi,Non India,Bahrain,Ganesh Shetty,Pune Group,Website,No,Yes,Pending,,RasPay
Akash Singh,akash.singh176@rediffmail.com,9103568505,Facliators,Muscat,English,Non India,Saudi Arabia,Ganesh Shetty,London Group,Referral,No,Pending,No,,System
Karthik Sen,karthik.sen711@yahoo.com,9837318573,Facliators,Dhaka,Telugu,Non India,Netherlands,Naveen Rao,Malaysia Group,Word of Mouth,Pending,Yes,Yes,New member,Volunteer
Naveen Joshi,naveen.joshi572@rediffmail.com,9279491956,Sadhak,Hyderabad,Marathi,India,India,Meena Joshi,Chennai Group,Word of Mouth,Pending,No,No,Interested,Admin1
Ravi Sharma,ravi.sharma208@yahoo.com,7973269528,Facliators,Kuwait City,Hindi,Non India,Oman,Priya Sharma,Hyderabad Group,Facebook,Pending,No,No,Active,Admin2
Meena Ghosh,meena.ghosh156@hotmail.com,6655535786,Sadhak,Pimpri,Hindi,India,India,Ganesh Shetty,Delhi Group,Facebook,Pending,Pending,No,Regular attendee,System
Yamini Bose,yamini.bose350@gmail.com,9493981798,Facliators,Vasai,Marathi,India,India,Ravi Kumar,London Group,Facebook,Yes,Pending,No,,RasPay
Deepa Chatterjee,deepa.chatterjee61@hotmail.com,8026489200,Facliators,Surat,Hindi,India,India,Arjun Singh,London Group,Website,Yes,Pending,No,Needs reminder,Admin2
Ganesh Pillai,ganesh.pillai701@gmail.com,6789086346,Sadhak,Muscat,English,Non India,Kuwait,Sunita Patel,Singapore Group,Instagram,Pending,Pending,No,Awaiting response,Coordinator
Jyoti Naik,jyoti.naik341@yahoo.com,8329808445,Sadhak,Chicago,English,Non India,Singapore,Vijay Reddy,Lucknow Group,Email,Pending,Pending,Pending,,System
Isha Kulkarni,isha.kulkarni938@hotmail.com,6375617499,Facliators,Colombo,Malayalam,Non India,Kuwait,Anand Rao,Nagpur Group,Telegram,No,Pending,No,Regular attendee,Coordinator
Divya Subramaniam,divya.subramaniam497@yahoo.com,7182597784,Facliators,Visakhapatnam,Assamese,India,India,Swati Shah,Jaipur Group,Twitter,No,Pending,Yes,,Facilitator
Darshan Gupta,darshan.gupta573@outlook.com,6515884929,Sadhak,London,Tamil,Non India,Australia,Ashwin Verma,Delhi Group,Telegram,Pending,No,No,,System
Usha Nair,usha.nair740@gmail.com,9318255249,Sadhak,Agra,Bengali,India,India,Anand Rao,Delhi Group,Website,Yes,Yes,Yes,,Admin1
Sneha Iyer,sneha.iyer799@hotmail.com,9073005310,Sadhak,Muscat,Gujarati,Non India,Sri Lanka,Pooja Mehta,London Group,WhatsApp,Pending,Yes,Pending,Follow up,Volunteer
Aarav Sen,aarav.sen287@gmail.com,6908763267,Sadhak,Toronto,Malayalam,Non India,Bahrain,Lakshmi Krishnan,Chennai Group,Twitter,Yes,No,No,Needs reminder,Facilitator
Deepak Pillai,deepak.pillai415@gmail.com,9442471779,Sadhak,Vadodara,Kannada,India,India,Suresh Pillai,Jaipur Group,Telegram,Pending,No,Pending,,Volunteer
Leela Nair,leela.nair169@outlook.com,9222556420,Sadhak,Chicago,Hindi,Non India,Canada,Vijay Reddy,Singapore Group,WhatsApp,Yes,Yes,Yes,Needs reminder,Admin1
Rohit Gupta,rohit.gupta858@rediffmail.com,8086351056,Facliators,Sydney,English,Non India,USA,Kavya Iyer,Bangalore Group,YouTube,No,Pending,Yes,,RasPay
Rajesh Singh,rajesh.singh236@gmail.com,8949892523,Facliators,Paris,Malayalam,Non India,Qatar,Ganesh Shetty,Delhi Group,Email,Pending,Yes,Yes,,RasPay
Shruti Rao,shruti.rao723@rediffmail.com,8164921772,Facliators,Dubai,Telugu,Non India,UK,Kavya Iyer,Toronto Group,Twitter,Pending,No,Yes,,Admin1
Ritu Roy,ritu.roy483@yahoo.com,7084109035,Facliators,Chicago,Malayalam,Non India,Malaysia,Deepa Nair,Delhi Group,Website,No,No,Pending,,Admin1
Sneha Agarwal,sneha.agarwal329@gmail.com,7692441403,Facliators,Agra,Hindi,India,India,Anand Rao,Dubai Group,Twitter,Pending,No,Pending,,RasPay
Mahesh Rao,mahesh.rao197@rediffmail.com,7550697213,Facliators,Abu Dhabi,Telugu,Non India,Bahrain,Meena Joshi,Ahmedabad Group,Word of Mouth,Pending,No,Pending,Awaiting response,Coordinator
Bindu Agarwal,bindu.agarwal159@rediffmail.com,6376447550,Sadhak,Nagpur,Odia,India,India,Priya Sharma,Toronto Group,Instagram,No,Yes,No,,Admin1
Faisal Kumar,faisal.kumar948@outlook.com,8638988194,Facliators,Ranchi,Marathi,India,India,Ganesh Shetty,Toronto Group,Instagram,Yes,Yes,No,,Admin2
Sagar Mehta,sagar.mehta347@hotmail.com,9291498411,Sadhak,Auckland,Gujarati,Non India,Germany,Ashwin Verma,Bangalore Group,Telegram,No,No,Yes,,RasPay
Uma Patel,uma.patel434@gmail.com,7699523748,Sadhak,Pimpri,Marathi,India,India,Radha Sharma,Dubai Group,Instagram,Yes,Pending,Yes,Inactive,Volunteer
Manju Banerjee,manju.banerjee174@hotmail.com,9834164113,Sadhak,Kathmandu,Malayalam,Non India,Sri Lanka,Vijay Reddy,Chennai Group,Facebook,Pending,No,Pending,Regular attendee,Self
Bharat Mishra,bharat.mishra501@outlook.com,8407534775,Facliators,Chennai,Marathi,India,India,Ganesh Shetty,Mumbai Group,Twitter,Yes,Yes,Yes,,Admin2
Deepak Nair,deepak.nair454@rediffmail.com,7811014208,Sadhak,San Jose,Telugu,Non India,Oman,Karthik Menon,Kolkata Group,Instagram,Pending,Pending,Pending,,RasPay
Kamla Dubey,kamla.dubey634@gmail.com,9097651869,Sadhak,Indore,Assamese,India,India,Deepa Nair,Dubai Group,Referral,Yes,No,No,Interested,Self
Parth Singh,parth.singh729@gmail.com,8942637984,Sadhak,Frankfurt,English,Non India,Australia,Suresh Pillai,Delhi Group,WhatsApp,No,No,No,Needs reminder,Facilitator
Lokesh Gupta,lokesh.gupta216@rediffmail.com,7297993017,Sadhak,Hyderabad,Malayalam,India,India,Anand Rao,Dubai Group,Twitter,Yes,Yes,No,,RasPay
Chirag Yadav,chirag.yadav181@hotmail.com,8872026461,Facliators,Toronto,Tamil,Non India,Qatar,Naveen Rao,USA Group,YouTube,Pending,Pending,Yes,Awaiting response,Admin1
Wasim Gupta,wasim.gupta917@outlook.com,8802687708,Facliators,Vasai,Punjabi,India,India,Priya Sharma,Bangalore Group,Referral,No,Yes,Pending,,System
Darshan Sundaram,darshan.sundaram685@gmail.com,6236972619,Sadhak,Riyadh,Gujarati,Non India,Kuwait,Vijay Reddy,Mysore Group,WhatsApp,No,Pending,Yes,,Coordinator
Hemant Murthy,hemant.murthy120@outlook.com,9351182329,Facliators,Melbourne,English,Non India,UK,Anand Rao,Singapore Group,Website,Pending,Yes,Pending,Needs reminder,Admin2
Ritu Ghosh,ritu.ghosh447@gmail.com,6215018019,Sadhak,Varanasi,Gujarati,India,India,Ashwin Verma,Toronto Group,Twitter,No,Yes,Yes,Awaiting response,Admin1
Ruchika Chatterjee,ruchika.chatterjee835@yahoo.com,6195849733,Facliators,Melbourne,Telugu,Non India,Germany,Naveen Rao,Hyderabad Group,Telegram,No,Pending,Pending,,Admin2
Jyoti Pandey,jyoti.pandey937@hotmail.com,9663823978,Sadhak,Dubai,Gujarati,Non India,Canada,Priya Sharma,Mysore Group,Email,Pending,Yes,Yes,Awaiting response,RasPay
Deepa Patil,deepa.patil983@hotmail.com,9341259402,Facliators,Frankfurt,English,Non India,Qatar,Radha Sharma,Lucknow Group,Website,Yes,No,Pending,,Volunteer
Dhara Nair,dhara.nair371@gmail.com,6845277585,Facliators,Auckland,Hindi,Non India,UK,Deepa Nair,Delhi Group,Instagram,No,Pending,Pending,Awaiting response,Admin2
Girish Dey,girish.dey237@hotmail.com,9237656128,Facliators,Colombo,Tamil,Non India,Germany,Priya Sharma,Nagpur Group,Referral,No,Pending,Yes,,Self
Parvati Rao,parvati.rao708@yahoo.com,9810028964,Sadhak,Melbourne,Malayalam,Non India,New Zealand,Anand Rao,Dubai Group,Twitter,Pending,Yes,Yes,Follow up,System
Jyoti Reddy,jyoti.reddy876@rediffmail.com,9756400980,Facliators,Chandigarh,Tamil,India,India,Lakshmi Krishnan,Mumbai Group,Word of Mouth,Pending,Pending,No,Inactive,Admin2
Yamini Sharma,yamini.sharma372@gmail.com,9564580452,Sadhak,Kalyan,Marathi,India,India,Swati Shah,Jaipur Group,Telegram,No,Yes,No,New member,Self
Rohit Agarwal,rohit.agarwal127@rediffmail.com,7807874482,Facliators,Patna,Kannada,India,India,Arjun Singh,Dubai Group,WhatsApp,Yes,Pending,No,,Volunteer
Isha Verma,isha.verma737@outlook.com,6606300133,Facliators,London,Hindi,Non India,Bahrain,Arjun Singh,Toronto Group,Telegram,Pending,Yes,No,Awaiting response,RasPay
Sunita Chakraborty,sunita.chakraborty760@outlook.com,6346186678,Sadhak,New York,Tamil,Non India,Germany,Mohan Gupta,Malaysia Group,YouTube,Pending,Pending,Pending,New member,Admin1
Sagar Agarwal,sagar.agarwal355@gmail.com,7401169861,Facliators,Houston,English,Non India,Canada,Meena Joshi,Lucknow Group,Instagram,Pending,Yes,No,New member,Admin1
Faisal Pandey,faisal.pandey756@outlook.com,8996562025,Sadhak,Melbourne,Hindi,Non India,Bahrain,Suresh Pillai,Pune Group,Word of Mouth,No,Yes,Pending,Inactive,Coordinator
Usha Oberoi,usha.oberoi929@gmail.com,7024902366,Sadhak,Toronto,English,Non India,Malaysia,Suresh Pillai,Coimbatore Group,Twitter,Pending,Yes,No,Confirmed,Coordinator
Tarun Sundaram,tarun.sundaram404@gmail.com,7116672258,Facliators,Kuwait City,Gujarati,Non India,UK,Naveen Rao,USA Group,Telegram,Pending,Pending,No,,Admin2
Umesh Chatterjee,umesh.chatterjee545@gmail.com,8626839126,Sadhak,Kuala Lumpur,English,Non India,Oman,Meena Joshi,Hyderabad Group,Email,Pending,No,Yes,Regular attendee,System
Tarun Krishnan,tarun.krishnan913@outlook.com,8407267927,Facliators,Dubai,English,Non India,Qatar,Priya Sharma,Mysore Group,Word of Mouth,Pending,Pending,Pending,,RasPay
Savita Gowda,savita.gowda807@hotmail.com,8898898298,Facliators,Ludhiana,Punjabi,India,India,Meena Joshi,Lucknow Group,Referral,Yes,Yes,No,,RasPay
Meena Yadav,meena.yadav324@hotmail.com,9533547831,Facliators,Jaipur,English,India,India,Mohan Gupta,Mysore Group,Instagram,Yes,Yes,No,,Self
Kavya Ghosh,kavya.ghosh425@yahoo.com,9619634775,Facliators,Ahmedabad,Malayalam,India,India,Sunita Patel,Ahmedabad Group,Telegram,Pending,No,No,Inactive,System
Lalit Chatterjee,lalit.chatterjee655@hotmail.com,6480497799,Sadhak,Doha,Hindi,Non India,Saudi Arabia,Sunita Patel,Sydney Group,Word of Mouth,No,No,Pending,,RasPay
Vikram Ghosh,vikram.ghosh832@gmail.com,8762353565,Facliators,Muscat,Gujarati,Non India,Qatar,Ashwin Verma,Nagpur Group,Instagram,Pending,Pending,Pending,Interested,Volunteer
Girish Chakraborty,girish.chakraborty334@hotmail.com,8149366959,Facliators,Kuwait City,Tamil,Non India,Netherlands,Karthik Menon,Bangalore Group,Facebook,No,No,Pending,Follow up,Admin2
Hema Pillai,hema.pillai772@hotmail.com,9625163305,Sadhak,Nagpur,Telugu,India,India,Ashwin Verma,London Group,Telegram,No,Pending,No,Confirmed,Admin2
Usha Roy,usha.roy402@rediffmail.com,6175336549,Facliators,Houston,Gujarati,Non India,Sri Lanka,Lakshmi Krishnan,Mysore Group,Facebook,No,No,Pending,Confirmed,Admin1
Sunita Bose,sunita.bose551@gmail.com,9346434186,Sadhak,Rajkot,Punjabi,India,India,Sunita Patel,Chennai Group,Referral,Pending,No,Yes,Needs reminder,System
Sunita Gupta,sunita.gupta807@outlook.com,8456841908,Facliators,Muscat,Malayalam,Non India,New Zealand,Mohan Gupta,Delhi Group,WhatsApp,Yes,Yes,Yes,Inactive,System
Kamla Patel,kamla.patel201@hotmail.com,9211350545,Facliators,Dubai,Malayalam,Non India,Canada,Meena Joshi,Nagpur Group,YouTube,Yes,No,Yes,Interested,RasPay
Swati Dey,swati.dey805@gmail.com,9279067864,Sadhak,Houston,Gujarati,Non India,Kuwait,Meena Joshi,Dubai Group,Instagram,Pending,Pending,Yes,Regular attendee,Volunteer
Nandita Venkatesh,nandita.venkatesh997@rediffmail.com,8003440256,Sadhak,Varanasi,Marathi,India,India,Mohan Gupta,Singapore Group,Instagram,No,No,Yes,,Facilitator
Chitra Nair,chitra.nair41@hotmail.com,9598102858,Facliators,Dubai,Telugu,Non India,New Zealand,Ravi Kumar,Delhi Group,Instagram,No,No,No,Active,System
Smita Desai,smita.desai443@rediffmail.com,8512115957,Facliators,Amritsar,Gujarati,India,India,Mohan Gupta,Singapore Group,Telegram,Yes,Pending,Yes,Needs reminder,Admin1
Geeta Singh,geeta.singh433@yahoo.com,7061244517,Facliators,Abu Dhabi,Tamil,Non India,Oman,Vijay Reddy,Mysore Group,Referral,No,Pending,Yes,,System
Jayesh Jain,jayesh.jain199@outlook.com,8748836036,Facliators,Mysore,Tamil,India,India,Arjun Singh,Malaysia Group,Twitter,Pending,Pending,Pending,Interested,Facilitator
Faisal Subramaniam,faisal.subramaniam416@hotmail.com,6726095360,Facliators,Kalyan,Hindi,India,India,Ganesh Shetty,Jaipur Group,Website,No,Pending,Yes,,Self
Nisha Kumar,nisha.kumar263@gmail.com,9142499467,Facliators,Auckland,Hindi,Non India,USA,Deepa Nair,Malaysia Group,Instagram,Yes,Pending,Pending,Inactive,Volunteer
Rohit Tiwari,rohit.tiwari177@yahoo.com,9462637465,Facliators,Colombo,Telugu,Non India,Malaysia,Kavya Iyer,Dubai Group,Word of Mouth,Pending,No,Pending,,Admin2
Divya Shastri,divya.shastri862@rediffmail.com,9375927959,Facliators,San Jose,Gujarati,Non India,Canada,Arjun Singh,Lucknow Group,Instagram,Yes,No,Pending,,System
Faisal Jain,faisal.jain127@hotmail.com,6821549283,Facliators,Indore,Bengali,India,India,Priya Sharma,Ahmedabad Group,Instagram,Pending,No,Yes,New member,System
Naresh Chatterjee,naresh.chatterjee901@outlook.com,8446554897,Facliators,Amritsar,Bengali,India,India,Lakshmi Krishnan,Toronto Group,Instagram,Yes,Yes,Yes,Confirmed,System
Rahul Murthy,rahul.murthy741@yahoo.com,7170192637,Sadhak,Dubai,Malayalam,Non India,Sri Lanka,Pooja Mehta,Hyderabad Group,Twitter,Pending,Pending,No,,RasPay
Taruna Rajan,taruna.rajan116@gmail.com,9925815336,Sadhak,Mumbai,Punjabi,India,India,Radha Sharma,Mysore Group,Email,Pending,Yes,Pending,New member,Admin2
Priya Sharma,priya.sharma706@hotmail.com,8644043852,Sadhak,Srinagar,English,India,India,Arjun Singh,Ahmedabad Group,Telegram,Yes,No,No,Inactive,System
Chitra Chakraborty,chitra.chakraborty186@rediffmail.com,8566105871,Facliators,Toronto,English,Non India,Germany,Deepa Nair,Pune Group,Website,Yes,No,Pending,,System
Sachin Shetty,sachin.shetty361@outlook.com,9065921867,Facliators,Lucknow,Gujarati,India,India,Mohan Gupta,Nagpur Group,Facebook,No,Pending,No,,Admin2
Irfan Nair,irfan.nair987@gmail.com,6202781110,Sadhak,Vadodara,Hindi,India,India,Pooja Mehta,Jaipur Group,Website,Pending,Yes,No,,Coordinator
Suresh Patil,suresh.patil727@outlook.com,9576622362,Sadhak,Jabalpur,Malayalam,India,India,Priya Sharma,London Group,WhatsApp,Pending,Yes,Yes,Needs reminder,Volunteer
Yogesh Nair,yogesh.nair227@gmail.com,7573295591,Facliators,Colombo,Hindi,Non India,Canada,Meena Joshi,Pune Group,Referral,Yes,Pending,Pending,,Volunteer
Jyoti Desai,jyoti.desai517@outlook.com,7434104614,Sadhak,Aurangabad,Assamese,India,India,Mohan Gupta,Bangalore Group,Instagram,No,Pending,No,,Admin2
Rahul Krishnan,rahul.krishnan812@outlook.com,8745304056,Facliators,London,Tamil,Non India,Netherlands,Sunita Patel,Delhi Group,Telegram,Pending,Pending,Pending,New member,Self
Meena Rajan,meena.rajan778@rediffmail.com,6138679717,Facliators,Kuwait City,Tamil,Non India,Germany,Pooja Mehta,Bangalore Group,Referral,No,Pending,Pending,Follow up,Volunteer
Bharat Menon,bharat.menon728@hotmail.com,8684920863,Sadhak,Thane,Telugu,India,India,Deepa Nair,Singapore Group,Instagram,Pending,Yes,No,,System
Vani Rao,vani.rao140@yahoo.com,9337154969,Sadhak,Abu Dhabi,English,Non India,Saudi Arabia,Rajesh Kumar,Singapore Group,WhatsApp,Yes,No,Pending,Active,RasPay
Geeta Verma,geeta.verma746@yahoo.com,7640075197,Facliators,Doha,Malayalam,Non India,USA,Meena Joshi,Pune Group,Website,No,No,Yes,Regular attendee,RasPay
Aditya Gupta,aditya.gupta100@hotmail.com,6219142617,Sadhak,Kolkata,Punjabi,India,India,Ashwin Verma,Chennai Group,Instagram,No,Yes,No,,RasPay
Jayesh Murthy,jayesh.murthy125@gmail.com,8824189711,Facliators,Faridabad,English,India,India,Priya Sharma,Mysore Group,Facebook,Pending,No,No,Regular attendee,RasPay
Faisal Kumar,faisal.kumar263@yahoo.com,8308653375,Facliators,Kuala Lumpur,Telugu,Non India,Netherlands,Radha Sharma,Bangalore Group,Twitter,No,Pending,No,Interested,System
Vani Naik,vani.naik64@outlook.com,8119721166,Sadhak,Paris,Tamil,Non India,UAE,Rajesh Kumar,Bangalore Group,Word of Mouth,Pending,No,Pending,,Coordinator
Lakshmi Jain,lakshmi.jain320@outlook.com,6649037165,Facliators,Kuwait City,Hindi,Non India,Malaysia,Priya Sharma,Jaipur Group,Email,No,No,No,,System
Naresh Gupta,naresh.gupta868@rediffmail.com,7685845784,Facliators,Kuwait City,English,Non India,UAE,Meena Joshi,Pune Group,WhatsApp,No,Yes,No,,Coordinator
Aditya Sharma,aditya.sharma685@yahoo.com,9317530064,Facliators,Visakhapatnam,Punjabi,India,India,Arjun Singh,Ahmedabad Group,WhatsApp,Pending,Pending,Yes,Regular attendee,Self
Sanjay Sharma,sanjay.sharma865@outlook.com,9956429583,Sadhak,Doha,Malayalam,Non India,Kuwait,Radha Sharma,Ahmedabad Group,Telegram,Yes,No,Pending,Awaiting response,Admin1
Ruchika Kumar,ruchika.kumar262@yahoo.com,8381513372,Sadhak,Hyderabad,Punjabi,India,India,Meena Joshi,Chennai Group,Word of Mouth,Pending,Pending,Pending,Confirmed,System
Naveen Desai,naveen.desai965@gmail.com,9265339324,Facliators,Pune,Gujarati,India,India,Ganesh Shetty,Pune Group,Telegram,Yes,Yes,Yes,Needs reminder,System
Rahul Bose,rahul.bose57@rediffmail.com,8230290713,Sadhak,Nagpur,Hindi,India,India,Priya Sharma,Malaysia Group,WhatsApp,Yes,No,No,,Self
Vijay Menon,vijay.menon395@outlook.com,7194304121,Facliators,Colombo,Telugu,Non India,Malaysia,Rajesh Kumar,Singapore Group,Facebook,Pending,No,No,,Volunteer
Nikhil Dubey,nikhil.dubey743@gmail.com,8284358034,Facliators,Jaipur,Punjabi,India,India,Mohan Gupta,Delhi Group,Telegram,Yes,Pending,Pending,Confirmed,Volunteer
Suresh Venkatesh,suresh.venkatesh926@rediffmail.com,8346462391,Sadhak,Bahrain,Hindi,Non India,Oman,Lakshmi Krishnan,Jaipur Group,WhatsApp,Pending,No,No,,Volunteer
Swati Mehta,swati.mehta266@yahoo.com,8165924493,Sadhak,Auckland,Telugu,Non India,Qatar,Swati Shah,Nagpur Group,WhatsApp,Pending,Yes,Yes,Interested,Self
Swati Mishra,swati.mishra282@yahoo.com,8036962014,Facliators,Ranchi,English,India,India,Ravi Kumar,London Group,Instagram,Yes,Yes,No,Follow up,Facilitator
Ojas Patel,ojas.patel762@outlook.com,7343731697,Sadhak,Abu Dhabi,Telugu,Non India,Canada,Ganesh Shetty,Hyderabad Group,Instagram,Yes,No,Pending,Follow up,Volunteer
Hema Shah,hema.shah422@outlook.com,6513502153,Sadhak,Srinagar,Punjabi,India,India,Vijay Reddy,Ahmedabad Group,WhatsApp,Pending,No,Yes,,Facilitator
Deepak Sen,deepak.sen805@hotmail.com,7558113206,Facliators,New York,Telugu,Non India,New Zealand,Deepa Nair,Sydney Group,Word of Mouth,Yes,No,Yes,New member,Admin2
Jatin Shah,jatin.shah221@yahoo.com,9744464950,Sadhak,Auckland,Tamil,Non India,Nepal,Vijay Reddy,Coimbatore Group,Telegram,No,Pending,Yes,New member,Volunteer
Priya Joshi,priya.joshi176@gmail.com,7400635076,Sadhak,Toronto,Tamil,Non India,USA,Ravi Kumar,Ahmedabad Group,YouTube,Yes,Pending,Yes,,Volunteer
Sneha Pandey,sneha.pandey235@yahoo.com,7444947175,Facliators,Chicago,Gujarati,Non India,Qatar,Naveen Rao,Ahmedabad Group,Website,Yes,Yes,Pending,Active,Self
Jatin Murthy,jatin.murthy392@rediffmail.com,8529828979,Facliators,Delhi,Hindi,India,India,Anand Rao,Hyderabad Group,Twitter,No,Yes,No,,RasPay
Taruna Hegde,taruna.hegde656@rediffmail.com,9084850018,Sadhak,London,Tamil,Non India,Nepal,Mohan Gupta,Ahmedabad Group,Twitter,Pending,No,No,,Admin2
Priya Desai,priya.desai913@yahoo.com,8117761900,Facliators,Auckland,English,Non India,Nepal,Arjun Singh,USA Group,Referral,Yes,Pending,Yes,,System
Nikhil Jain,nikhil.jain854@yahoo.com,8476442027,Sadhak,Surat,Telugu,India,India,Suresh Pillai,Jaipur Group,Twitter,Pending,Yes,Pending,,System
Taruna Gupta,taruna.gupta510@outlook.com,8922577681,Facliators,Houston,Telugu,Non India,Saudi Arabia,Pooja Mehta,Ahmedabad Group,Telegram,No,Yes,Pending,Confirmed,Admin2
Deepak Pandey,deepak.pandey995@yahoo.com,8604290134,Sadhak,Allahabad,Marathi,India,India,Priya Sharma,Nagpur Group,Website,Pending,Yes,Yes,Interested,Admin2
Yogesh Banerjee,yogesh.banerjee242@hotmail.com,7654311150,Sadhak,Amritsar,Kannada,India,India,Radha Sharma,Bangalore Group,Referral,No,Yes,Pending,,Coordinator
Mohan Reddy,mohan.reddy126@yahoo.com,8043869327,Sadhak,Chicago,Hindi,Non India,Bahrain,Lakshmi Krishnan,Hyderabad Group,Email,Pending,Yes,No,,Admin1
Rohit Kulkarni,rohit.kulkarni929@yahoo.com,8929093283,Facliators,Jaipur,Punjabi,India,India,Suresh Pillai,Lucknow Group,Website,Yes,Pending,Pending,,Volunteer
Ritu Kamath,ritu.kamath12@hotmail.com,8298573998,Facliators,Srinagar,Tamil,India,India,Deepa Nair,Hyderabad Group,WhatsApp,No,Yes,No,Awaiting response,Self
Bharat Chakraborty,bharat.chakraborty187@hotmail.com,6406052184,Sadhak,Riyadh,Gujarati,Non India,Canada,Pooja Mehta,Lucknow Group,Word of Mouth,Yes,No,Pending,Active,Facilitator
Sachin Kamath,sachin.kamath99@yahoo.com,6894040221,Sadhak,Gwalior,Bengali,India,India,Rajesh Kumar,Chennai Group,Telegram,No,Pending,Yes,,Volunteer
Parth Roy,parth.roy701@hotmail.com,7918719085,Facliators,Kota,Malayalam,India,India,Kavya Iyer,Nagpur Group,WhatsApp,Yes,No,No,,Self
Girish Hegde,girish.hegde78@rediffmail.com,9621501656,Sadhak,Surat,Marathi,India,India,Priya Sharma,Delhi Group,WhatsApp,Yes,No,Yes,Follow up,System
Yamini Sharma,yamini.sharma931@yahoo.com,8976526988,Facliators,Dubai,Tamil,Non India,Bahrain,Deepa Nair,USA Group,WhatsApp,Yes,No,Pending,,Self
Deepa Rao,deepa.rao923@yahoo.com,7830032670,Facliators,Dhaka,Tamil,Non India,Qatar,Ashwin Verma,Singapore Group,Website,Yes,No,Pending,,Facilitator
Rajan Ghosh,rajan.ghosh449@yahoo.com,7251679758,Sadhak,New York,Telugu,Non India,Canada,Pooja Mehta,Kolkata Group,Website,Pending,Pending,No,Regular attendee,Facilitator
Isha Mukherjee,isha.mukherjee856@hotmail.com,6412684717,Sadhak,Kuala Lumpur,Telugu,Non India,Australia,Mohan Gupta,Mysore Group,Referral,Pending,No,Yes,New member,Admin2
Deepak Subramaniam,deepak.subramaniam655@gmail.com,6916665061,Facliators,Paris,Telugu,Non India,Sri Lanka,Arjun Singh,Sydney Group,Email,No,No,Pending,New member,Volunteer
Nandita Joshi,nandita.joshi611@yahoo.com,8123364102,Sadhak,Paris,Telugu,Non India,Kuwait,Rajesh Kumar,Toronto Group,Website,No,Pending,Pending,Confirmed,System
Aditya Pandey,aditya.pandey992@outlook.com,7731329529,Facliators,San Jose,Hindi,Non India,Germany,Ashwin Verma,Pune Group,Facebook,Pending,Pending,Pending,Active,System
Shiva Menon,shiva.menon134@outlook.com,7924557194,Facliators,Muscat,Telugu,Non India,Oman,Meena Joshi,Dubai Group,Instagram,Yes,Yes,Yes,New member,System
Vijay Natarajan,vijay.natarajan302@yahoo.com,8808853619,Facliators,Sydney,Telugu,Non India,Saudi Arabia,Ravi Kumar,Chennai Group,Instagram,Pending,Pending,Pending,New member,Admin2
Hemant Chatterjee,hemant.chatterjee427@yahoo.com,7269670411,Facliators,Chennai,Malayalam,India,India,Naveen Rao,Mumbai Group,Facebook,Pending,No,Yes,Awaiting response,RasPay
Nisha Desai,nisha.desai421@rediffmail.com,6534482383,Facliators,Pimpri,Assamese,India,India,Pooja Mehta,Mysore Group,Twitter,Pending,Yes,Yes,Interested,Facilitator
Suresh Chatterjee,suresh.chatterjee855@yahoo.com,6098468728,Facliators,Mysore,Punjabi,India,India,Vijay Reddy,London Group,Email,Pending,No,Yes,Regular attendee,Facilitator
Krishna Dubey,krishna.dubey13@outlook.com,8790339174,Sadhak,Chandigarh,Hindi,India,India,Suresh Pillai,Singapore Group,Email,No,No,Yes,Regular attendee,Facilitator
Alka Joshi,alka.joshi265@rediffmail.com,9384072013,Sadhak,Paris,Tamil,Non India,Netherlands,Mohan Gupta,Kolkata Group,Telegram,Yes,No,No,,Self
Vishal Venkatesh,vishal.venkatesh126@outlook.com,6555767984,Sadhak,Chennai,Gujarati,India,India,Karthik Menon,Ahmedabad Group,Telegram,Pending,Yes,No,Interested,Self
Jyoti Subramaniam,jyoti.subramaniam684@gmail.com,9891712430,Sadhak,Kuwait City,English,Non India,USA,Vijay Reddy,Singapore Group,Twitter,No,Yes,Pending,Interested,Admin1
Usha Shastri,usha.shastri799@yahoo.com,6585527495,Sadhak,Frankfurt,Hindi,Non India,Saudi Arabia,Lakshmi Krishnan,Pune Group,Facebook,Pending,No,Pending,,Self
Vikram Krishnan,vikram.krishnan85@yahoo.com,7379176476,Sadhak,San Jose,English,Non India,Saudi Arabia,Sunita Patel,Jaipur Group,Email,Pending,Pending,Yes,Active,System
Akash Naik,akash.naik758@rediffmail.com,6421406229,Facliators,Nagpur,Tamil,India,India,Ganesh Shetty,Nagpur Group,Telegram,Yes,No,No,,Facilitator
Jyoti Tiwari,jyoti.tiwari488@rediffmail.com,9242456063,Sadhak,Houston,Tamil,Non India,UK,Radha Sharma,Chennai Group,Twitter,Yes,Pending,No,Interested,RasPay
Deepa Patel,deepa.patel565@yahoo.com,7533034357,Sadhak,Nashik,Hindi,India,India,Arjun Singh,Jaipur Group,Twitter,Pending,Yes,Pending,Confirmed,RasPay
Shiva Roy,shiva.roy265@gmail.com,9148991284,Facliators,Bahrain,Malayalam,Non India,Nepal,Ashwin Verma,Lucknow Group,Telegram,Yes,No,Pending,,Admin2
Gopal Krishnan,gopal.krishnan809@hotmail.com,7999143799,Facliators,Gwalior,Odia,India,India,Kavya Iyer,Singapore Group,Twitter,No,Yes,Pending,,Admin2
Smita Das,smita.das236@rediffmail.com,7179577320,Facliators,London,English,Non India,Qatar,Karthik Menon,Sydney Group,Twitter,No,Pending,Yes,Follow up,Admin1
Gopal Kulkarni,gopal.kulkarni574@gmail.com,6434067119,Sadhak,Lucknow,Kannada,India,India,Sunita Patel,Chennai Group,Email,No,No,Pending,,Volunteer
Vani Kamath,vani.kamath721@outlook.com,9011395115,Sadhak,Indore,Odia,India,India,Suresh Pillai,Toronto Group,Instagram,No,Pending,No,Regular attendee,System
Lokesh Yadav,lokesh.yadav378@gmail.com,6265082484,Facliators,Guwahati,Malayalam,India,India,Lakshmi Krishnan,Mysore Group,Website,Pending,Pending,No,,Facilitator
Lalit Jain,lalit.jain212@rediffmail.com,8322847381,Facliators,Faridabad,Kannada,India,India,Kavya Iyer,Dubai Group,Instagram,No,No,No,,Admin2
Wasim Menon,wasim.menon111@yahoo.com,7571007546,Sadhak,Thane,English,India,India,Ganesh Shetty,Sydney Group,Facebook,Pending,Yes,Yes,,System
Vani Patel,vani.patel427@rediffmail.com,9919584258,Sadhak,Amsterdam,Telugu,Non India,Singapore,Mohan Gupta,Kolkata Group,Instagram,Pending,Pending,Yes,Regular attendee,System
Sanjay Ghosh,sanjay.ghosh113@outlook.com,8181300690,Facliators,Melbourne,Telugu,Non India,UK,Kavya Iyer,USA Group,YouTube,No,Yes,Yes,Awaiting response,System
Manju Kamath,manju.kamath290@outlook.com,6575286517,Sadhak,Houston,English,Non India,Netherlands,Rajesh Kumar,Bangalore Group,Website,Pending,No,Pending,Active,System
Rohit Gupta,rohit.gupta97@hotmail.com,7768296064,Sadhak,Kuwait City,Telugu,Non India,USA,Sunita Patel,Sydney Group,Email,No,No,Pending,Confirmed,Volunteer
Sanjay Shah,sanjay.shah919@outlook.com,6173626785,Facliators,Riyadh,Telugu,Non India,Sri Lanka,Ashwin Verma,Chennai Group,YouTube,No,No,No,Follow up,Volunteer
Ojas Shetty,ojas.shetty262@rediffmail.com,8849664206,Facliators,New York,Hindi,Non India,Germany,Ashwin Verma,Delhi Group,WhatsApp,Pending,No,Yes,,Volunteer
Vishal Joshi,vishal.joshi126@hotmail.com,7722699191,Facliators,Thane,English,India,India,Meena Joshi,Kolkata Group,Telegram,Yes,Pending,Yes,Awaiting response,Self
Mohan Shastri,mohan.shastri30@hotmail.com,6224362263,Sadhak,Paris,English,Non India,Netherlands,Priya Sharma,Coimbatore Group,Referral,No,Pending,Pending,Awaiting response,Facilitator
Manish Rao,manish.rao627@gmail.com,9810800135,Facliators,Faridabad,English,India,India,Mohan Gupta,Delhi Group,Email,Yes,Yes,Yes,Follow up,Admin1
Shruti Menon,shruti.menon549@outlook.com,7438252468,Facliators,Muscat,English,Non India,Bahrain,Ashwin Verma,London Group,Facebook,Pending,Pending,No,,Volunteer
Uma Venkatesh,uma.venkatesh611@outlook.com,8872046706,Sadhak,Ranchi,Malayalam,India,India,Karthik Menon,Lucknow Group,Instagram,No,No,No,Confirmed,Admin1
Jatin Kulkarni,jatin.kulkarni336@rediffmail.com,6893061021,Sadhak,Chandigarh,Gujarati,India,India,Ganesh Shetty,USA Group,Word of Mouth,Pending,Yes,Pending,,Self
Faisal Bose,faisal.bose220@gmail.com,7064012986,Facliators,Kota,Malayalam,India,India,Ashwin Verma,Bangalore Group,Email,Yes,Yes,No,Follow up,Coordinator
Hema Gupta,hema.gupta744@outlook.com,8681344437,Sadhak,Aurangabad,Kannada,India,India,Lakshmi Krishnan,USA Group,Referral,No,Pending,Yes,Regular attendee,Admin1
Hemant Shah,hemant.shah70@rediffmail.com,9481481948,Facliators,Dubai,Gujarati,Non India,Saudi Arabia,Deepa Nair,Hyderabad Group,Email,Yes,Yes,Yes,,Admin2
Ravi Murthy,ravi.murthy649@hotmail.com,8629708217,Sadhak,Indore,Kannada,India,India,Lakshmi Krishnan,Delhi Group,Referral,Pending,Pending,Pending,Follow up,Volunteer
Naveen Ghosh,naveen.ghosh632@rediffmail.com,8201746125,Sadhak,Aurangabad,Bengali,India,India,Lakshmi Krishnan,Hyderabad Group,Instagram,Pending,No,Yes,New member,Volunteer
Vani Shah,vani.shah703@hotmail.com,9290545003,Facliators,Sharjah,Tamil,Non India,Oman,Ravi Kumar,Nagpur Group,YouTube,Yes,Pending,Yes,,Coordinator
Hiren Mishra,hiren.mishra976@hotmail.com,6088484925,Sadhak,Dubai,Telugu,Non India,Bahrain,Pooja Mehta,Toronto Group,Referral,Yes,Pending,Yes,,RasPay
Parvati Kulkarni,parvati.kulkarni489@rediffmail.com,8263171793,Sadhak,Vasai,Telugu,India,India,Suresh Pillai,Malaysia Group,Referral,Pending,Pending,Yes,Confirmed,Admin2
Jayesh Pillai,jayesh.pillai264@gmail.com,8887557821,Facliators,Chandigarh,Telugu,India,India,Sunita Patel,Mysore Group,Instagram,Yes,No,Yes,Inactive,System
Rohit Krishnan,rohit.krishnan295@gmail.com,8394106213,Facliators,Melbourne,Telugu,Non India,UK,Ashwin Verma,Toronto Group,Email,Pending,No,No,Active,Admin1
Ritu Singh,ritu.singh22@gmail.com,7964652948,Facliators,Dubai,Hindi,Non India,New Zealand,Kavya Iyer,Bangalore Group,Referral,Pending,Pending,No,Confirmed,System
Amit Shetty,amit.shetty823@rediffmail.com,8468922240,Facliators,Toronto,Gujarati,Non India,Canada,Naveen Rao,Dubai Group,Referral,No,Yes,Yes,Interested,Coordinator
Suresh Shetty,suresh.shetty354@yahoo.com,8026009527,Facliators,London,Gujarati,Non India,Sri Lanka,Radha Sharma,Dubai Group,WhatsApp,Pending,Yes,Yes,,Self
Ramesh Sharma,ramesh.sharma132@outlook.com,7347553800,Sadhak,Frankfurt,Hindi,Non India,Canada,Naveen Rao,Bangalore Group,Website,Yes,Yes,Yes,Active,Volunteer
Manoj Nair,manoj.nair538@hotmail.com,8302309432,Facliators,Auckland,Telugu,Non India,USA,Kavya Iyer,Ahmedabad Group,Email,No,Pending,Yes,Awaiting response,System
Ravi Menon,ravi.menon239@outlook.com,7517229543,Sadhak,Colombo,Telugu,Non India,New Zealand,Arjun Singh,Ahmedabad Group,YouTube,Yes,Yes,No,Interested,System
Sagar Mehta,sagar.mehta123@outlook.com,8125009120,Facliators,Ludhiana,Malayalam,India,India,Arjun Singh,Nagpur Group,Telegram,Pending,Yes,Pending,,Self
Geeta Yadav,geeta.yadav699@outlook.com,6677855525,Sadhak,Dhanbad,Bengali,India,India,Arjun Singh,Dubai Group,Telegram,Pending,Yes,No,,Facilitator
Ramesh Murthy,ramesh.murthy366@yahoo.com,8692731373,Facliators,Doha,Malayalam,Non India,Bahrain,Arjun Singh,London Group,Telegram,No,Pending,Yes,,Self
Manish Hegde,manish.hegde663@gmail.com,7455017354,Sadhak,Doha,Malayalam,Non India,Singapore,Mohan Gupta,Lucknow Group,Word of Mouth,No,No,No,New member,Volunteer
Darshan Dey,darshan.dey17@rediffmail.com,8769693761,Sadhak,Bhopal,Kannada,India,India,Meena Joshi,London Group,Word of Mouth,Yes,Yes,Pending,Follow up,RasPay
Hema Dey,hema.dey662@yahoo.com,9076230056,Sadhak,Kanpur,Marathi,India,India,Deepa Nair,Lucknow Group,Email,Pending,Yes,No,,Admin2
Shiva Rao,shiva.rao219@outlook.com,8378747289,Sadhak,Mumbai,Kannada,India,India,Lakshmi Krishnan,Jaipur Group,Instagram,Yes,Pending,No,Regular attendee,Facilitator
Jatin Agarwal,jatin.agarwal777@outlook.com,8677238413,Facliators,Chicago,Tamil,Non India,UK,Mohan Gupta,Lucknow Group,Twitter,Yes,Yes,Pending,,Volunteer
Irfan Joshi,irfan.joshi286@hotmail.com,9109987653,Facliators,Dhanbad,Telugu,India,India,Swati Shah,Chennai Group,Telegram,No,No,No,Confirmed,Facilitator
Ketan Chakraborty,ketan.chakraborty34@yahoo.com,7339886750,Facliators,Muscat,Telugu,Non India,Bahrain,Ganesh Shetty,Chennai Group,Twitter,Pending,Yes,Yes,,Admin2
Yogesh Naik,yogesh.naik657@yahoo.com,9764579390,Sadhak,Nagpur,Assamese,India,India,Deepa Nair,Lucknow Group,Facebook,Yes,No,Yes,,Coordinator
Ananya Joshi,ananya.joshi404@yahoo.com,8479912578,Sadhak,Chandigarh,Odia,India,India,Lakshmi Krishnan,Mysore Group,WhatsApp,Pending,No,Pending,Needs reminder,System
Rohit Dubey,rohit.dubey993@rediffmail.com,9832115586,Facliators,Faridabad,Assamese,India,India,Deepa Nair,Mumbai Group,WhatsApp,Yes,No,No,Active,Self
Faisal Nair,faisal.nair686@rediffmail.com,7587425375,Facliators,Riyadh,Tamil,Non India,Saudi Arabia,Anand Rao,Nagpur Group,Referral,Pending,Pending,Yes,,Facilitator
Arjun Rao,arjun.rao689@rediffmail.com,6167978973,Facliators,Sharjah,Telugu,Non India,Kuwait,Ganesh Shetty,Chennai Group,Website,No,Pending,No,Awaiting response,System
Ganesh Oberoi,ganesh.oberoi973@outlook.com,7480785341,Facliators,Paris,Tamil,Non India,New Zealand,Meena Joshi,USA Group,Website,Pending,No,Yes,,Coordinator
Lalit Mukherjee,lalit.mukherjee291@outlook.com,6870509138,Facliators,Kathmandu,Hindi,Non India,USA,Naveen Rao,Nagpur Group,Telegram,Pending,Yes,No,Confirmed,Admin2
Kavya Dey,kavya.dey215@yahoo.com,6768920349,Sadhak,Visakhapatnam,Assamese,India,India,Pooja Mehta,Singapore Group,Instagram,No,Yes,No,,Coordinator
Priya Nair,priya.nair621@hotmail.com,7988836501,Facliators,Doha,Tamil,Non India,Nepal,Ashwin Verma,Toronto Group,Telegram,Yes,Yes,No,Needs reminder,Volunteer
Aarav Chatterjee,aarav.chatterjee665@outlook.com,6939334137,Sadhak,Colombo,English,Non India,Singapore,Ganesh Shetty,Singapore Group,Referral,No,No,Yes,,RasPay
Uma Murthy,uma.murthy504@hotmail.com,7482690677,Facliators,Raipur,English,India,India,Deepa Nair,Dubai Group,Referral,Pending,No,No,Follow up,Facilitator
Suresh Dey,suresh.dey359@hotmail.com,9851710120,Sadhak,Jabalpur,Kannada,India,India,Ashwin Verma,Sydney Group,Facebook,Pending,Pending,No,New member,Admin2
